gbar,gobs,resid
2.124893e-12,8.021073e-13,-1.3790
4.965316e-12,1.851626e-12,-1.2131
5.720838e-12,2.621265e-12,-1.0957
6.213022e-12,3.492776e-12,-0.9907
6.117571e-12,4.278158e-12,-0.8989
5.728262e-12,5.087681e-12,-0.8080
5.015352e-12,5.740122e-12,-0.7241
4.226020e-12,6.222251e-12,-0.6488
2.876889e-12,7.314512e-12,-0.4889
4.284132e-12,1.770297e-11,-0.1979
4.450260e-12,1.894239e-11,-0.1775
3.002867e-12,1.557183e-11,-0.1707
2.259655e-12,1.090527e-11,-0.2598
2.050299e-12,4.634382e-12,-0.6091
2.093995e-12,7.244360e-12,-0.4199
1.726489e-12,8.303960e-12,-0.3164
1.355730e-12,7.619112e-12,-0.2987
1.051688e-12,7.291700e-12,-0.2603
8.320704e-13,6.597630e-12,-0.2509
8.675147e-12,5.093611e-12,-0.9069
1.090893e-11,1.140890e-11,-0.6125
1.186786e-11,1.622778e-11,-0.4801
1.042041e-11,1.719059e-11,-0.4232
8.561547e-12,1.734294e-11,-0.3716
7.237377e-12,1.813667e-11,-0.3118
5.990420e-12,1.864209e-11,-0.2547
5.036652e-12,1.877075e-11,-0.2106
4.279264e-12,1.910313e-11,-0.1646
3.616005e-12,1.936687e-11,-0.1192
3.094096e-12,1.970065e-11,-0.0755
2.645313e-12,1.926151e-11,-0.0490
2.278316e-12,1.892601e-11,-0.0222
1.971683e-12,1.763224e-11,-0.0198
1.716248e-12,1.600804e-11,-0.0300
1.499330e-12,1.479881e-11,-0.0333
1.036296e-12,1.282176e-11,-0.0118
2.798992e-12,2.087155e-11,-0.0272
3.119330e-12,1.609531e-11,-0.1652
4.841562e-12,1.590131e-11,-0.2733
4.311651e-12,1.843407e-11,-0.1818
4.737597e-12,2.087909e-11,-0.1499
5.944950e-12,3.130444e-11,-0.0277
7.744579e-12,3.591655e-11,-0.0313
8.626097e-12,3.768613e-11,-0.0364
8.975711e-12,3.695306e-11,-0.0546
8.851853e-12,3.354431e-11,-0.0932
8.322965e-12,3.060430e-11,-0.1182
8.164984e-12,2.943974e-11,-0.1304
6.955673e-12,2.392080e-11,-0.1820
5.936248e-12,1.259530e-11,-0.4228
5.286781e-12,1.527280e-11,-0.3116
4.423372e-12,1.828859e-11,-0.1913
4.014066e-12,1.935389e-11,-0.1439
3.542121e-12,1.914591e-11,-0.1194
3.332644e-12,1.931315e-11,-0.1014
3.229408e-12,1.863116e-11,-0.1097
2.879387e-12,1.758779e-11,-0.1081
2.424162e-12,1.639910e-11,-0.0988
2.036041e-12,1.524100e-11,-0.0904
1.709840e-12,1.340921e-11,-0.1061
1.446315e-12,1.133307e-11,-0.1410
6.792972e-12,1.382722e-11,-0.4144
7.415497e-12,1.223319e-11,-0.4886
7.742602e-12,1.319026e-11,-0.4663
8.384592e-12,1.322757e-11,-0.4842
8.769829e-12,1.387043e-11,-0.4745
1.017314e-11,1.757605e-11,-0.4077
1.061573e-11,1.736548e-11,-0.4233
1.037591e-11,1.612621e-11,-0.4499
9.637071e-12,1.547855e-11,-0.4497
8.751296e-12,1.557415e-11,-0.4237
8.053149e-12,1.515087e-11,-0.4156
7.371108e-12,1.535280e-11,-0.3885
6.762720e-12,1.594512e-11,-0.3514
6.255837e-12,1.609606e-11,-0.3288
5.798912e-12,1.566830e-11,-0.3224
5.456701e-12,1.561033e-11,-0.3096
5.168842e-12,1.592896e-11,-0.2880
4.963842e-12,1.599771e-11,-0.2766
4.833899e-12,1.542520e-11,-0.2861
4.729777e-12,1.516817e-11,-0.2883
4.568453e-12,1.484000e-11,-0.2896
4.438571e-12,1.411917e-11,-0.3045
4.226383e-12,1.407344e-11,-0.2944
4.004686e-12,1.387675e-11,-0.2879
3.685579e-12,1.403583e-11,-0.2635
3.370680e-12,1.315835e-11,-0.2707
3.059376e-12,1.261870e-11,-0.2664
2.776032e-12,1.203900e-11,-0.2643
2.522068e-12,1.165272e-11,-0.2563
2.309141e-12,1.104291e-11,-0.2593
2.098468e-12,1.059053e-11,-0.2555
1.127525e-11,1.778464e-11,-0.4277
1.608617e-11,2.164034e-11,-0.4305
1.353183e-11,2.228385e-11,-0.3748
1.058937e-11,2.589522e-11,-0.2492
9.858128e-12,3.045681e-11,-0.1613
8.621819e-12,3.561433e-11,-0.0608
7.524749e-12,3.138050e-11,-0.0830
6.529196e-12,2.949127e-11,-0.0760
5.803140e-12,2.642395e-11,-0.0956
5.121464e-12,2.126943e-11,-0.1603
4.172784e-12,1.329732e-11,-0.3160
4.071548e-12,1.733959e-11,-0.1950
4.152634e-12,1.837929e-11,-0.1743
4.028727e-12,1.577692e-11,-0.2335
3.718801e-12,1.417659e-11,-0.2613
3.168980e-12,1.207823e-11,-0.2936
2.529867e-12,1.077260e-11,-0.2911
1.925687e-12,1.016867e-11,-0.2534
3.350905e-11,8.712416e-11,-0.0140
3.810626e-11,8.400039e-11,-0.0640
3.592408e-11,5.289369e-11,-0.2492
3.519916e-11,5.505381e-11,-0.2264
3.340597e-11,6.438002e-11,-0.1446
2.849136e-11,7.680370e-11,-0.0263
2.491330e-11,7.718161e-11,+0.0106
2.418149e-11,8.906456e-11,+0.0805
2.443049e-11,8.828120e-11,+0.0740
2.631941e-11,9.215559e-11,+0.0735
2.863586e-11,8.576060e-11,+0.0203
2.738557e-11,8.039300e-11,+0.0039
2.462977e-11,7.428753e-11,-0.0030
2.111300e-11,6.741676e-11,-0.0057
1.818864e-11,6.159574e-11,-0.0071
1.947213e-11,5.662378e-11,-0.0609
2.398709e-11,6.247240e-11,-0.0714
3.100559e-11,6.228474e-11,-0.1394
3.381591e-11,8.076331e-11,-0.0494
2.402478e-11,7.777862e-11,+0.0233
2.309619e-11,7.049294e-11,-0.0093
2.227355e-11,7.356833e-11,+0.0186
2.116227e-11,8.163880e-11,+0.0768
1.696788e-11,6.831612e-11,+0.0553
1.365725e-11,6.364201e-11,+0.0787
1.127978e-11,5.550686e-11,+0.0665
1.020026e-11,5.093045e-11,+0.0537
9.559314e-12,4.713118e-11,+0.0358
8.784492e-12,4.392668e-11,+0.0257
7.270617e-12,4.122925e-11,+0.0438
6.929752e-12,4.174218e-11,+0.0607
1.021783e-11,5.244511e-11,+0.0660
9.453669e-12,5.740006e-11,+0.1241
8.154506e-12,4.991552e-11,+0.0992
6.691145e-12,4.699096e-11,+0.1205
3.366108e-12,3.806320e-11,+0.1909
1.789590e-12,2.869448e-11,+0.2139
1.530262e-10,2.572512e-11,-0.9748
1.746239e-10,8.220129e-11,-0.5112
1.373379e-10,7.979540e-11,-0.4501
1.109782e-10,1.470908e-10,-0.1206
1.006969e-10,1.606720e-10,-0.0535
1.021900e-10,2.514893e-10,+0.1367
1.110383e-10,2.884161e-10,+0.1717
1.149701e-10,2.931503e-10,+0.1685
1.117608e-10,3.070766e-10,+0.1970
1.118154e-10,3.064332e-10,+0.1960
1.078505e-10,2.682604e-10,+0.1489
1.016391e-10,2.582393e-10,+0.1498
9.316353e-11,2.317237e-10,+0.1282
8.505853e-11,2.051625e-10,+0.1016
7.773265e-11,1.898548e-10,+0.0938
6.764850e-11,1.754635e-10,+0.0989
6.088256e-11,1.624545e-10,+0.0949
5.671294e-11,1.493702e-10,+0.0781
5.253419e-11,1.375255e-10,+0.0633
4.622727e-11,1.281623e-10,+0.0675
4.088631e-11,1.165810e-10,+0.0595
3.555388e-11,1.095375e-10,+0.0697
3.118165e-11,1.026692e-10,+0.0762
2.820322e-11,9.677956e-11,+0.0768
2.574396e-11,9.362831e-11,+0.0861
2.326673e-11,9.308650e-11,+0.1096
2.132487e-11,8.952566e-11,+0.1149
1.936580e-11,8.502521e-11,+0.1170
1.765785e-11,7.889205e-11,+0.1078
1.630237e-11,7.438532e-11,+0.1023
8.784464e-12,1.102179e-11,-0.5747
8.205765e-12,1.653849e-11,-0.3820
6.770830e-12,1.386193e-11,-0.4125
7.068986e-12,1.216233e-11,-0.4797
7.444636e-12,1.021345e-11,-0.5679
6.972336e-12,8.521779e-12,-0.6309
5.190219e-12,1.479269e-11,-0.3211
5.764375e-12,3.319572e-11,+0.0051
5.411851e-12,4.779607e-11,+0.1783
5.023800e-12,6.435944e-11,+0.3252
4.922752e-12,7.098278e-11,+0.3725
4.760283e-12,7.689430e-11,+0.4151
3.521006e-12,3.776996e-11,+0.1771
3.566807e-12,3.612740e-11,+0.1547
3.615978e-12,3.072660e-11,+0.0812
3.683783e-12,3.476358e-11,+0.1305
3.724755e-12,3.050027e-11,+0.0711
3.662071e-12,3.104515e-11,+0.0828
2.799181e-12,2.792036e-11,+0.0991
2.641638e-12,2.611140e-11,+0.0834
2.509724e-12,2.226958e-11,+0.0261
2.459147e-12,2.156457e-11,+0.0169
2.406314e-12,1.811599e-11,-0.0538
2.050270e-12,3.562357e-12,-0.7233
2.899144e-12,5.802431e-12,-0.5913
3.827705e-12,6.745060e-12,-0.5906
3.483613e-12,5.382190e-12,-0.6666
3.073693e-12,4.047036e-12,-0.7613
2.795917e-12,3.069000e-12,-0.8595
2.343379e-12,1.639012e-11,-0.0912
6.115332e-12,4.511132e-11,+0.1242
8.840268e-12,7.596354e-11,+0.2621
1.059099e-11,1.050044e-10,+0.3587
1.074165e-11,1.162154e-10,+0.3993
8.792430e-12,8.848080e-11,+0.3296
8.351839e-12,5.548042e-11,+0.1394
8.825989e-12,5.099162e-11,+0.0894
7.296383e-12,4.432641e-11,+0.0744
7.055528e-12,4.309865e-11,+0.0702
2.506956e-12,1.211142e-11,-0.2381
3.394743e-12,2.096924e-11,-0.0700
3.437291e-12,2.854343e-11,+0.0610
3.233169e-12,3.023148e-11,+0.1002
3.454749e-12,2.783366e-11,+0.0489
3.531365e-12,2.648587e-11,+0.0223
3.349112e-12,2.543113e-11,+0.0169
6.222887e-12,1.221377e-11,-0.4474
5.644264e-12,1.853272e-11,-0.2431
3.065869e-12,1.277004e-11,-0.2617
3.583055e-12,9.775547e-12,-0.4140
3.827943e-12,9.208072e-12,-0.4554
5.853998e-12,1.815486e-11,-0.2607
1.067712e-11,4.861747e-11,+0.0224
1.003810e-11,7.094839e-11,+0.2016
8.611910e-12,8.522767e-11,+0.3184
6.983218e-12,9.022559e-11,+0.3936
6.502515e-12,8.549837e-11,+0.3873
6.556158e-12,8.022189e-11,+0.3576
8.048048e-12,6.661746e-11,+0.2277
8.569677e-12,6.244940e-11,+0.1845
8.815025e-12,5.927356e-11,+0.1550
8.888040e-12,5.659006e-11,+0.1329
8.562917e-12,4.939274e-11,+0.0829
4.725893e-12,7.785916e-12,-0.5777
6.220245e-12,1.317202e-11,-0.4145
6.963289e-12,1.878360e-11,-0.2873
7.107319e-12,2.293130e-11,-0.2055
7.747640e-12,3.286931e-11,-0.0699
7.860643e-12,4.206242e-11,+0.0337
8.080892e-12,4.116828e-11,+0.0177
8.197185e-12,4.705670e-11,+0.0724
7.925283e-12,4.771865e-11,+0.0865
7.521923e-12,4.630681e-11,+0.0861
7.495745e-12,4.395313e-11,+0.0643
7.620581e-12,4.113988e-11,+0.0316
7.224799e-12,3.227593e-11,-0.0610
7.158756e-12,3.029246e-11,-0.0864
6.671574e-12,2.757210e-11,-0.1104
5.968808e-12,2.646463e-11,-0.1016
5.511079e-12,2.783106e-11,-0.0608
4.902644e-12,2.595488e-11,-0.0635
6.337202e-12,2.515824e-11,-0.1379
1.174987e-11,5.887437e-11,+0.0820
1.016668e-11,7.935381e-11,+0.2471
8.131034e-12,8.585685e-11,+0.3355
7.927142e-12,7.974499e-11,+0.3095
7.824722e-12,7.536641e-11,+0.2881
7.173707e-12,7.426361e-11,+0.3026
6.389999e-12,6.925390e-11,+0.2999
6.097835e-12,6.465814e-11,+0.2812
5.828274e-12,5.561991e-11,+0.2266
5.736560e-12,4.951527e-11,+0.1799
5.471675e-12,4.436595e-11,+0.1434
5.453332e-12,4.107958e-11,+0.1108
5.505132e-12,3.509857e-11,+0.0402
3.394481e-12,2.559517e-11,+0.0166
1.081099e-10,2.264994e-11,-0.9253
1.528356e-10,5.842709e-11,-0.6181
1.321451e-10,7.778423e-11,-0.4495
9.149108e-11,6.641199e-11,-0.4093
5.472600e-11,6.886841e-11,-0.2483
4.655362e-11,6.504154e-11,-0.2289
2.925279e-11,7.490426e-11,-0.0440
2.272697e-11,7.472801e-11,+0.0202
1.805441e-11,7.137088e-11,+0.0587
1.353364e-11,6.901643e-11,+0.1162
8.579283e-12,6.330415e-11,+0.1902
6.430795e-12,5.722416e-11,+0.2155
3.466839e-12,4.321563e-11,+0.2392
5.738941e-12,1.701812e-11,-0.2841
7.188317e-12,2.771147e-11,-0.1260
5.479588e-12,2.794282e-11,-0.0577
4.957734e-12,2.469722e-11,-0.0877
4.605375e-12,2.269279e-11,-0.1071
3.813528e-12,1.975163e-11,-0.1231
2.820312e-12,1.678614e-11,-0.1236
5.821814e-12,1.614103e-11,-0.3104
1.244178e-11,3.863624e-11,-0.1150
1.171323e-11,5.081078e-11,+0.0188
8.981331e-12,5.526040e-11,+0.1201
7.785749e-12,5.290419e-11,+0.1356
7.213772e-12,4.722753e-11,+0.1047
6.906654e-12,4.239163e-11,+0.0682
6.390220e-12,3.933151e-11,+0.0542
6.147929e-12,3.637470e-11,+0.0295
5.700696e-12,3.369256e-11,+0.0141
5.652735e-12,3.140558e-11,-0.0144
5.681247e-12,2.931830e-11,-0.0454
5.652602e-12,2.719008e-11,-0.0770
5.557429e-12,2.556619e-11,-0.0997
4.601958e-12,2.370979e-12,-1.0879
3.232627e-12,3.968425e-12,-0.7816
4.101429e-12,4.494114e-12,-0.7831
4.317433e-12,4.855514e-12,-0.7615
4.348299e-12,4.787820e-12,-0.7693
9.360850e-12,9.834073e-11,+0.3603
1.866708e-11,1.529745e-10,+0.3814
1.843522e-11,1.362905e-10,+0.3344
1.639914e-11,1.086995e-10,+0.2656
1.407872e-11,8.476654e-11,+0.1957
1.436069e-11,7.537834e-11,+0.1398
1.415099e-11,6.399496e-11,+0.0723
1.364464e-11,5.981040e-11,+0.0520
1.293025e-11,5.320644e-11,+0.0145
1.210109e-11,4.951527e-11,-0.0004
1.151895e-11,4.517599e-11,-0.0281
1.011640e-11,3.881738e-11,-0.0622
8.624028e-12,3.449374e-11,-0.0748
6.652985e-12,2.778157e-11,-0.1064
1.626834e-12,2.656921e-11,+0.2022
2.512621e-12,7.365354e-12,-0.4546
3.734542e-12,4.818625e-12,-0.7309
3.969731e-12,1.102440e-11,-0.3857
4.127367e-12,1.466973e-11,-0.2708
3.713464e-12,2.009269e-11,-0.1095
3.180327e-12,1.878360e-11,-0.1026
2.846332e-12,2.453017e-11,+0.0390
2.825233e-12,2.691427e-11,+0.0810
2.805157e-12,2.560758e-11,+0.0611
2.845158e-12,2.794253e-11,+0.0957
2.886310e-12,2.931316e-11,+0.1132
2.690219e-12,2.962319e-11,+0.1340
2.557534e-12,3.045835e-11,+0.1578
2.601579e-12,2.943377e-11,+0.1390
2.663281e-12,3.019867e-11,+0.1447
2.814638e-12,3.050925e-11,+0.1364
2.923193e-12,2.890848e-11,+0.1042
2.954098e-12,2.871672e-11,+0.0989
3.033531e-12,2.641876e-11,+0.0565
3.221891e-12,2.763900e-11,+0.0621
3.511892e-12,2.625212e-11,+0.0197
3.925250e-12,2.259424e-11,-0.0715
3.568597e-12,1.579918e-11,-0.2046
3.408646e-12,1.467237e-11,-0.2260
2.334073e-12,1.686519e-11,-0.0779
6.775966e-12,2.601517e-11,-0.1393
9.042889e-12,3.743469e-11,-0.0507
9.094051e-12,3.045793e-11,-0.1417
6.648210e-12,2.500838e-11,-0.1519
6.127795e-12,2.437525e-11,-0.1436
5.639589e-12,2.317814e-11,-0.1457
5.589513e-12,2.506773e-11,-0.1096
4.907951e-12,2.123023e-11,-0.1510
4.729411e-12,2.206992e-11,-0.1254
4.666731e-12,2.171326e-11,-0.1294
4.081084e-12,2.172067e-11,-0.0977
1.753213e-12,4.044844e-12,-0.6323
2.043383e-12,4.730651e-12,-0.5994
2.202757e-12,6.138265e-12,-0.5035
2.433790e-12,6.556561e-12,-0.4978
2.717486e-12,6.384452e-12,-0.5348
2.725630e-12,9.682611e-12,-0.3546
2.821896e-12,9.751370e-12,-0.3596
2.794139e-12,1.006563e-11,-0.3435
2.745947e-12,1.127535e-11,-0.2902
2.669646e-12,1.150934e-11,-0.2748
2.431976e-12,1.072953e-11,-0.2837
2.211176e-12,1.238490e-11,-0.1995
2.205693e-12,9.804503e-12,-0.3004
2.552001e-12,1.139606e-11,-0.2687
2.899247e-12,1.002820e-11,-0.3537
3.048252e-12,1.105933e-11,-0.3228
3.017142e-12,1.102462e-11,-0.3218
3.107475e-12,1.124770e-11,-0.3199
3.142020e-12,1.153649e-11,-0.3115
3.263878e-12,1.242980e-11,-0.2880
3.379377e-12,1.334760e-11,-0.2651
3.300568e-12,1.337872e-11,-0.2586
3.271042e-12,1.330992e-11,-0.2588
3.216463e-12,1.370331e-11,-0.2422
3.273627e-12,1.458948e-11,-0.2191
3.288482e-12,1.336726e-11,-0.2581
3.271052e-12,1.145460e-11,-0.3240
3.138911e-12,1.548275e-11,-0.1835
3.066373e-12,1.346422e-11,-0.2387
3.022716e-12,1.325149e-11,-0.2423
3.053348e-12,1.504982e-11,-0.1894
3.186417e-12,1.424672e-11,-0.2231
3.169670e-12,1.464981e-11,-0.2098
3.248642e-12,1.443372e-11,-0.2220
3.859815e-10,5.185251e-11,-0.9719
3.353123e-10,1.236870e-10,-0.5461
2.384215e-10,1.816059e-10,-0.2661
1.829801e-10,2.519713e-10,-0.0394
1.577792e-10,3.024487e-10,+0.0861
1.432917e-10,2.851317e-10,+0.0901
1.256876e-10,2.573808e-10,+0.0853
1.110018e-10,2.501636e-10,+0.1100
1.038848e-10,2.442514e-10,+0.1192
1.022034e-10,2.276981e-10,+0.0935
1.006204e-10,2.246263e-10,+0.0922
9.772849e-11,2.075318e-10,+0.0664
9.342745e-11,1.807766e-10,+0.0195
8.822345e-11,1.693898e-10,+0.0079
8.293049e-11,1.583270e-10,-0.0036
7.804377e-11,1.572715e-10,+0.0109
7.210581e-11,1.410992e-10,-0.0138
6.725028e-11,1.435487e-10,+0.0133
6.439899e-11,1.300834e-10,-0.0173
6.223856e-11,1.287995e-10,-0.0121
5.810688e-11,1.265520e-10,-0.0006
5.421828e-11,1.216284e-10,+0.0013
5.138244e-11,1.146886e-10,-0.0095
4.776417e-11,1.052720e-10,-0.0268
4.448828e-11,1.060135e-10,-0.0045
4.082731e-11,9.044384e-11,-0.0503
3.740189e-11,9.669398e-11,+0.0021
3.423393e-11,8.156219e-11,-0.0483
3.227662e-11,8.457668e-11,-0.0171
3.104770e-11,8.115496e-11,-0.0248
2.771620e-11,7.333974e-11,-0.0391
2.586426e-11,7.633794e-11,-0.0038
9.909064e-13,2.341446e-12,-0.7402
1.481646e-12,3.698066e-12,-0.6329
1.964921e-12,5.196216e-12,-0.5496
2.702020e-12,6.625594e-12,-0.5174
3.315774e-12,8.210275e-12,-0.4717
4.012507e-12,9.275528e-12,-0.4633
4.682895e-12,1.014278e-11,-0.4607
5.154545e-12,1.100098e-11,-0.4481
5.452826e-12,1.228928e-11,-0.4133
5.679667e-12,1.404246e-11,-0.3651
5.791620e-12,1.574236e-11,-0.3201
5.761347e-12,1.671915e-11,-0.2927
5.286797e-12,1.460830e-11,-0.3309
4.765266e-12,1.390575e-11,-0.3278
3.940773e-12,1.211028e-11,-0.3432
2.690311e-11,4.672244e-11,-0.2272
3.383695e-11,9.732395e-11,+0.0315
3.366385e-11,9.821826e-11,+0.0368
3.549146e-11,1.269896e-10,+0.1344
3.538223e-11,1.703422e-10,+0.2628
3.559360e-11,1.760326e-10,+0.2755
3.681947e-11,1.970993e-10,+0.3156
3.845093e-11,1.970434e-10,+0.3039
3.967852e-11,1.847416e-10,+0.2675
4.046416e-11,1.794949e-10,+0.2497
4.138607e-11,1.735789e-10,+0.2291
4.218761e-11,1.720738e-10,+0.2202
4.329273e-11,1.695704e-10,+0.2069
4.360623e-11,1.725142e-10,+0.2124
4.371418e-11,1.627576e-10,+0.1864
4.303681e-11,1.628302e-10,+0.1908
4.224636e-11,1.580038e-10,+0.1828
4.082949e-11,1.636582e-10,+0.2072
3.946650e-11,1.518440e-10,+0.1838
3.813625e-11,1.541757e-10,+0.1995
3.703351e-11,1.497949e-10,+0.1948
3.595947e-11,1.520632e-10,+0.2092
3.480161e-11,1.460764e-10,+0.2004
3.358998e-11,1.374080e-10,+0.1832
3.241481e-11,1.344327e-10,+0.1831
9.422873e-12,4.957852e-11,+0.0613
6.590322e-12,4.288944e-11,+0.0844
4.707579e-12,3.885310e-11,+0.1213
3.517016e-12,3.479427e-11,+0.1417
1.487184e-11,2.170226e-11,-0.4097
1.550245e-11,2.490028e-11,-0.3603
1.500726e-11,2.447179e-11,-0.3598
1.452372e-11,2.649619e-11,-0.3171
1.420177e-11,2.972698e-11,-0.2616
1.387645e-11,3.145161e-11,-0.2313
1.317468e-11,3.097034e-11,-0.2252
1.243220e-11,3.068908e-11,-0.2148
1.167514e-11,2.905934e-11,-0.2231
1.097619e-11,2.988798e-11,-0.1957
1.037108e-11,2.985611e-11,-0.1823
9.827122e-12,2.886015e-11,-0.1839
9.414356e-12,2.751496e-11,-0.1942
8.862478e-12,2.560264e-11,-0.2108
8.236471e-12,2.486419e-11,-0.2058
7.617612e-12,2.266093e-11,-0.2273
6.922475e-12,2.138946e-11,-0.2295
6.332576e-12,2.065201e-11,-0.2234
5.946734e-12,1.956385e-11,-0.2320
5.668170e-12,1.920509e-11,-0.2286
5.477194e-12,1.796159e-11,-0.2496
6.692027e-12,6.534505e-12,-0.7364
1.344356e-11,1.878699e-11,-0.4473
1.733521e-11,3.068855e-11,-0.2976
1.812525e-11,3.716250e-11,-0.2257
1.748129e-11,3.936348e-11,-0.1916
1.648600e-11,3.977027e-11,-0.1724
1.599724e-11,4.180913e-11,-0.1431
1.534154e-11,4.368776e-11,-0.1136
1.386663e-11,4.463231e-11,-0.0791
1.233492e-11,4.324400e-11,-0.0639
1.110344e-11,4.095152e-11,-0.0618
1.004118e-11,3.859839e-11,-0.0629
8.892593e-12,3.503570e-11,-0.0754
7.855156e-12,3.350205e-11,-0.0649
6.191913e-12,3.148222e-11,-0.0350
5.762893e-12,3.084389e-11,-0.0268
5.291402e-12,3.010577e-11,-0.0171
4.920838e-12,2.939815e-11,-0.0103
4.619649e-12,2.884273e-11,-0.0037
4.381775e-12,2.832511e-11,+0.0009
4.287311e-12,2.801953e-11,+0.0013
7.628172e-12,3.592318e-11,-0.0276
9.194424e-12,4.446478e-11,+0.0200
9.452255e-12,5.264811e-11,+0.0866
9.335235e-12,4.977993e-11,+0.0653
9.431381e-12,4.572042e-11,+0.0259
9.437924e-12,4.188088e-11,-0.0124
9.427126e-12,3.822505e-11,-0.0518
9.240447e-12,3.580360e-11,-0.0753
8.861644e-12,3.397378e-11,-0.0880
8.605818e-12,3.373369e-11,-0.0840
8.471019e-12,3.324012e-11,-0.0865
8.445117e-12,3.232526e-11,-0.0979
8.542985e-12,3.265033e-11,-0.0964
8.512550e-12,3.303599e-11,-0.0904
8.449090e-12,3.258655e-11,-0.0945
8.465564e-12,3.260899e-11,-0.0947
8.461937e-12,3.238267e-11,-0.0976
8.397181e-12,3.231569e-11,-0.0967
8.279687e-12,3.195277e-11,-0.0982
8.059659e-12,3.101948e-11,-0.1046
7.713317e-12,3.017680e-11,-0.1059
7.290025e-12,2.886053e-11,-0.1118
6.777961e-12,2.767570e-11,-0.1125
6.207031e-12,2.701271e-11,-0.1020
5.675245e-12,2.698085e-11,-0.0813
5.182175e-12,2.551817e-11,-0.0839
3.466388e-10,5.810891e-10,+0.1145
3.302571e-10,4.840043e-10,+0.0515
2.186342e-10,2.868443e-10,-0.0396
1.830771e-10,2.567474e-10,-0.0314
1.468342e-10,1.827774e-10,-0.1105
1.137993e-10,1.416637e-10,-0.1443
8.420057e-11,1.326098e-10,-0.0850
4.609951e-11,1.046367e-10,-0.0198
3.003612e-11,7.997765e-11,-0.0225
2.098964e-11,5.761690e-11,-0.0724
1.623176e-11,4.261980e-11,-0.1384
1.371052e-11,3.477382e-11,-0.1847
1.162208e-11,3.181730e-11,-0.1826
9.780619e-12,3.377179e-11,-0.1145
8.914758e-12,3.193760e-11,-0.1162
8.335977e-12,2.986398e-11,-0.1292
7.525842e-12,2.805772e-11,-0.1316
6.853797e-12,2.630404e-11,-0.1373
6.119662e-12,2.446372e-11,-0.1417
5.463959e-12,2.241206e-11,-0.1528
4.884910e-12,2.033847e-11,-0.1685
4.414008e-12,1.872960e-11,-0.1805
4.025004e-12,1.713269e-11,-0.1975
3.613017e-12,1.549502e-11,-0.2159
3.192875e-12,1.304875e-11,-0.2617
2.825591e-12,1.243311e-11,-0.2544
2.544139e-12,1.312304e-11,-0.2067
2.294318e-12,1.240573e-11,-0.2073
1.769079e-11,3.901763e-11,-0.1984
1.675483e-11,5.196862e-11,-0.0603
1.573513e-11,5.173119e-11,-0.0465
1.532652e-11,4.935999e-11,-0.0603
1.459041e-11,5.127257e-11,-0.0316
1.338472e-11,5.124524e-11,-0.0104
1.200786e-11,6.017637e-11,+0.0862
1.085945e-11,5.617953e-11,+0.0810
1.009043e-11,4.965038e-11,+0.0453
9.160449e-12,4.313810e-11,+0.0077
8.248146e-12,3.882152e-11,-0.0127
7.668841e-12,3.765780e-11,-0.0084
7.715740e-12,3.963933e-11,+0.0124
7.817408e-12,3.727226e-11,-0.0175
7.757781e-12,3.488303e-11,-0.0444
7.368786e-12,3.269859e-11,-0.0601
6.671989e-12,3.177388e-11,-0.0488
5.968057e-12,3.024990e-11,-0.0435
5.424721e-12,3.137027e-11,-0.0051
4.985805e-12,3.199609e-11,+0.0234
4.474447e-12,3.011183e-11,+0.0226
3.981741e-12,2.787062e-11,+0.0163
3.559294e-12,2.536937e-11,+0.0017
3.241447e-12,2.465448e-11,+0.0111
2.998511e-12,2.400974e-11,+0.0177
4.673379e-10,4.190546e-10,-0.1312
4.611966e-10,4.188885e-10,-0.1267
4.466989e-10,6.948610e-10,+0.1043
4.161069e-10,6.170969e-10,+0.0776
3.654164e-10,5.215039e-10,+0.0495
1.125068e-10,1.604801e-10,-0.0868
5.705517e-11,9.295369e-11,-0.1296
3.677022e-11,6.373530e-11,-0.1744
2.823346e-11,5.043177e-11,-0.2066
2.032659e-11,4.012129e-11,-0.2214
1.431229e-11,3.240473e-11,-0.2260
1.095906e-11,2.860399e-11,-0.2144
9.204068e-12,2.527594e-11,-0.2256
1.405790e-09,1.928813e-09,+0.1156
7.941591e-10,5.149449e-10,-0.2356
6.552844e-10,4.495448e-10,-0.2229
4.537476e-10,3.864737e-10,-0.1559
3.261003e-10,3.131714e-10,-0.1332
2.485540e-10,2.696653e-10,-0.1080
1.994289e-10,2.336324e-10,-0.0994
1.605534e-10,2.097907e-10,-0.0781
1.371714e-10,1.880964e-10,-0.0773
1.130536e-10,1.716268e-10,-0.0591
9.643011e-11,1.569482e-10,-0.0511
8.378745e-11,1.404216e-10,-0.0587
7.201331e-11,1.252816e-10,-0.0651
6.453940e-11,1.144232e-10,-0.0736
5.722594e-11,1.059750e-10,-0.0735
5.047104e-11,9.863059e-11,-0.0701
4.466322e-11,8.784101e-11,-0.0872
3.991018e-11,8.194509e-11,-0.0871
4.219627e-11,5.727064e-11,-0.2576
3.311434e-11,5.515907e-11,-0.2094
3.266023e-11,5.728941e-11,-0.1893
2.812150e-11,5.231918e-11,-0.1896
2.455222e-11,4.943261e-11,-0.1791
2.117815e-11,4.837739e-11,-0.1506
1.646292e-11,4.584179e-11,-0.1103
1.368576e-11,4.511740e-11,-0.0712
1.196371e-11,4.368638e-11,-0.0520
1.037105e-11,3.725007e-11,-0.0862
8.970419e-12,3.282502e-11,-0.1059
7.757136e-12,3.034701e-11,-0.1049
6.892053e-12,2.581691e-11,-0.1467
6.328689e-12,2.436250e-11,-0.1515
5.770104e-12,2.290493e-11,-0.1563
5.274900e-12,2.217889e-11,-0.1490
4.865301e-12,2.113053e-11,-0.1510
4.453475e-12,2.109867e-11,-0.1308
4.093573e-12,2.173094e-11,-0.0982
3.866014e-12,2.061883e-11,-0.1076
3.475128e-12,2.009524e-11,-0.0939
3.160146e-12,2.064526e-11,-0.0601
2.772212e-12,2.008870e-11,-0.0416
2.570145e-12,1.828655e-11,-0.0649
2.379308e-12,1.720847e-11,-0.0735
2.164862e-12,1.660426e-11,-0.0673
1.974449e-12,1.657902e-11,-0.0469
1.767411e-12,1.626676e-11,-0.0298
1.724718e-12,1.604466e-11,-0.0301
1.611010e-12,1.549314e-11,-0.0298
1.503527e-12,1.503571e-11,-0.0270
1.530346e-12,1.535481e-11,-0.0220
1.732906e-12,1.518819e-11,-0.0550
1.731166e-12,1.421400e-11,-0.0836
1.870765e-12,1.404181e-11,-0.1066
2.028995e-12,1.417295e-11,-0.1212
1.101340e-10,4.044556e-11,-0.6790
1.464023e-10,1.153009e-10,-0.3097
1.324055e-10,1.338774e-10,-0.2143
9.134132e-11,1.346753e-10,-0.1018
7.629567e-11,1.549451e-10,+0.0108
6.828704e-11,1.351018e-10,-0.0173
5.871905e-11,1.079921e-10,-0.0724
5.116154e-11,1.077027e-10,-0.0356
4.416273e-11,8.405339e-11,-0.1033
4.190599e-11,8.899437e-11,-0.0644
3.475786e-11,7.203900e-11,-0.1063
3.007285e-11,6.081588e-11,-0.1417
2.604655e-11,5.455239e-11,-0.1516
2.263544e-11,5.138228e-11,-0.1414
1.994487e-11,4.807523e-11,-0.1381
1.750271e-11,4.382989e-11,-0.1452
1.564617e-11,4.132533e-11,-0.1426
1.414201e-11,3.909153e-11,-0.1416
1.279795e-11,3.693159e-11,-0.1416
1.182048e-11,3.429058e-11,-0.1542
1.100534e-11,3.230171e-11,-0.1626
1.023926e-11,3.075964e-11,-0.1662
9.635188e-12,2.945978e-11,-0.1702
9.034057e-12,2.757173e-11,-0.1833
8.603222e-11,3.712197e-10,+0.3559
5.821560e-11,1.899692e-10,+0.1753
3.663297e-11,1.530384e-10,+0.2070
2.251934e-11,1.120306e-10,+0.1984
1.487270e-11,8.611352e-11,+0.1889
1.017235e-11,6.971937e-11,+0.1907
7.307169e-12,5.732717e-11,+0.1857
5.435096e-12,4.905000e-11,+0.1886
4.206799e-12,4.370699e-11,+0.1989
3.476807e-12,3.925961e-11,+0.1968
2.954996e-12,3.555269e-11,+0.1915
2.566104e-12,3.224070e-11,+0.1817
2.247521e-12,3.004833e-11,+0.1817
2.126654e-12,2.761259e-11,+0.1577
2.163974e-12,4.763911e-12,-0.6095
5.671404e-12,7.971188e-12,-0.6106
7.090120e-12,1.285811e-11,-0.4562
8.246642e-12,1.321916e-11,-0.4805
8.777510e-12,1.658419e-11,-0.3971
9.055328e-12,1.953384e-11,-0.3336
8.978999e-12,2.305587e-11,-0.2595
9.020238e-12,2.545985e-11,-0.2175
9.116652e-12,2.631510e-11,-0.2058
8.817094e-12,2.565775e-11,-0.2087
8.218328e-12,2.659034e-11,-0.1762
7.720995e-12,2.657372e-11,-0.1614
7.494046e-12,2.524527e-11,-0.1765
7.255958e-12,2.404257e-11,-0.1900
7.013480e-12,2.421608e-11,-0.1787
6.687336e-12,2.383940e-11,-0.1741
6.418886e-12,2.322266e-11,-0.1757
6.051888e-12,2.246475e-11,-0.1761
5.732646e-12,1.930783e-11,-0.2290
5.456891e-12,1.859635e-11,-0.2336
5.327673e-12,1.764948e-11,-0.2506
5.174789e-12,1.610966e-11,-0.2834
4.940514e-12,1.424872e-11,-0.3257
4.667895e-12,1.449354e-11,-0.3050
4.368246e-12,1.336951e-11,-0.3244
4.143305e-12,1.305051e-11,-0.3225
5.455651e-11,1.215790e-10,-0.0006
7.779116e-11,1.553182e-10,+0.0063
9.963315e-11,1.680008e-10,-0.0311
1.135360e-10,1.905001e-10,-0.0150
1.180721e-10,2.146312e-10,+0.0251
1.125022e-10,2.125955e-10,+0.0354
1.074396e-10,2.192154e-10,+0.0623
1.003678e-10,2.097131e-10,+0.0631
9.516070e-11,1.878680e-10,+0.0309
9.150072e-11,1.793899e-10,+0.0222
8.884987e-11,1.721582e-10,+0.0129
8.684457e-11,1.774903e-10,+0.0327
8.719130e-11,1.778832e-10,+0.0325
8.597702e-11,1.684038e-10,+0.0128
8.577386e-11,1.683147e-10,+0.0132
8.644637e-11,1.689247e-10,+0.0126
8.664254e-11,1.593809e-10,-0.0133
8.604474e-11,1.570647e-10,-0.0177
8.536816e-11,1.554220e-10,-0.0200
8.468534e-11,1.530137e-10,-0.0245
8.441240e-11,1.433550e-10,-0.0519
8.176509e-11,1.370675e-10,-0.0622
7.793066e-11,1.318624e-10,-0.0653
7.400699e-11,1.239601e-10,-0.0774
7.058815e-11,1.216007e-10,-0.0724
6.693505e-11,1.166096e-10,-0.0756
6.395506e-11,1.124151e-10,-0.0788
6.122928e-11,1.105099e-10,-0.0740
5.888424e-11,1.087502e-10,-0.0701
5.702456e-11,1.094702e-10,-0.0584
5.515691e-11,1.036331e-10,-0.0730
5.398619e-11,1.004831e-10,-0.0805
5.302602e-11,1.014194e-10,-0.0715
5.204528e-11,1.063135e-10,-0.0459
5.080865e-11,1.092288e-10,-0.0276
4.994668e-11,1.101681e-10,-0.0192
4.879903e-11,1.111263e-10,-0.0091
4.732655e-11,1.157033e-10,+0.0167
4.611400e-11,1.130934e-10,+0.0139
4.067727e-11,1.009492e-10,-0.0016
3.575732e-11,9.546862e-11,+0.0085
3.152259e-11,9.109664e-11,+0.0214
2.770318e-11,8.496109e-11,+0.0249
2.442153e-11,7.964433e-11,+0.0294
2.196113e-11,7.392276e-11,+0.0243
1.994331e-11,6.906072e-11,+0.0193
1.821057e-11,6.471728e-11,+0.0141
1.684822e-11,6.185816e-11,+0.0140
1.574074e-11,5.939211e-11,+0.0134
1.474061e-11,5.624634e-11,+0.0061
1.380058e-11,5.258566e-11,-0.0067
1.310607e-11,5.011520e-11,-0.0149
1.242913e-11,4.857872e-11,-0.0153
1.176557e-11,4.791669e-11,-0.0077
1.110903e-11,4.594696e-11,-0.0119
1.054259e-11,4.546452e-11,-0.0037
9.994563e-12,4.436976e-11,-0.0012
9.391650e-12,4.271664e-11,-0.0026
8.802965e-12,4.121188e-11,-0.0025
8.289969e-12,3.978191e-11,-0.0033
7.824951e-12,3.902818e-11,+0.0023
7.385786e-12,3.778637e-11,+0.0021
6.958032e-12,3.605392e-11,-0.0039
6.551977e-12,3.548232e-11,+0.0035
6.144987e-12,3.445294e-11,+0.0060
5.779717e-12,3.446867e-11,+0.0208
5.425611e-12,3.350532e-11,+0.0235
5.104627e-12,3.213426e-11,+0.0197
4.799097e-12,3.036320e-11,+0.0097
4.566959e-12,3.002632e-11,+0.0165
4.405565e-12,3.016659e-11,+0.0270
4.250484e-12,2.899498e-11,+0.0182
4.109156e-12,2.788261e-11,+0.0091
2.787954e-10,4.005641e-10,+0.0261
1.614427e-10,2.524307e-10,+0.0005
7.947300e-11,1.588045e-10,+0.0099
5.255573e-11,1.123312e-10,-0.0247
3.187700e-11,6.644111e-11,-0.1186
2.172211e-11,6.758595e-11,-0.0119
1.556165e-11,4.582140e-11,-0.0964
1.162144e-11,3.159316e-11,-0.1856
7.269025e-12,2.875679e-11,-0.1126
5.966055e-12,2.453030e-11,-0.1345
4.992284e-12,2.134387e-11,-0.1527
3.959585e-10,7.652046e-10,+0.1883
3.517625e-10,7.582595e-10,+0.2251
3.169511e-10,7.204129e-10,+0.2382
2.898784e-10,6.788622e-10,+0.2423
2.677449e-10,6.363291e-10,+0.2405
2.495010e-10,5.838161e-10,+0.2262
2.334993e-10,5.610056e-10,+0.2305
2.187649e-10,5.445859e-10,+0.2386
2.065749e-10,5.187103e-10,+0.2358
1.985160e-10,4.939539e-10,+0.2272
1.911764e-10,4.747235e-10,+0.2219
1.842816e-10,4.621913e-10,+0.2219
1.778463e-10,4.309040e-10,+0.2026
1.727901e-10,4.174754e-10,+0.1979
1.670947e-10,4.067366e-10,+0.1970
1.602251e-10,3.945214e-10,+0.1968
1.537777e-10,3.752030e-10,+0.1876
1.466968e-10,3.659143e-10,+0.1912
1.394973e-10,3.521925e-10,+0.1900
1.338788e-10,3.383832e-10,+0.1851
1.289247e-10,3.251516e-10,+0.1791
1.243338e-10,3.189668e-10,+0.1817
1.200753e-10,3.074241e-10,+0.1761
1.157782e-10,2.963005e-10,+0.1710
1.025478e-10,2.746587e-10,+0.1740
7.858604e-11,2.298136e-10,+0.1736
6.002277e-11,1.874580e-10,+0.1610
4.750716e-11,1.567786e-10,+0.1477
3.944722e-11,1.408492e-10,+0.1512
3.472347e-11,1.278508e-10,+0.1431
2.989752e-11,1.154705e-10,+0.1382
2.495924e-11,1.042787e-10,+0.1408
2.107495e-11,9.408104e-11,+0.1395
1.833783e-11,8.816650e-11,+0.1466
1.620412e-11,8.197659e-11,+0.1461
1.473461e-11,7.546743e-11,+0.1339
1.364011e-11,7.022427e-11,+0.1218
1.275047e-11,6.300312e-11,+0.0913
1.180110e-11,5.849331e-11,+0.0781
1.086797e-11,5.524706e-11,+0.0735
9.908486e-12,5.387577e-11,+0.0852
8.983788e-12,5.279404e-11,+0.1002
8.098206e-12,5.202141e-11,+0.1188
7.407080e-12,5.170292e-11,+0.1376
6.918708e-12,4.829795e-11,+0.1244
6.645145e-12,4.693470e-11,+0.1216
6.427819e-12,4.684581e-11,+0.1287
6.228543e-12,4.488613e-11,+0.1177
5.977778e-12,4.396867e-11,+0.1185
5.683418e-12,4.401602e-11,+0.1309
1.981558e-09,1.960657e-10,-1.0169
1.055614e-09,2.074084e-10,-0.7397
7.380653e-10,5.530890e-10,-0.1771
6.077582e-10,5.545743e-10,-0.1040
5.171448e-10,4.992587e-10,-0.0912
4.547754e-10,6.029325e-10,+0.0364
4.576631e-10,5.501328e-10,-0.0056
4.931892e-10,5.114444e-10,-0.0638
4.811257e-10,5.153252e-10,-0.0517
4.599388e-10,4.681373e-10,-0.0775
4.126345e-10,4.255794e-10,-0.0808
3.572512e-10,3.937518e-10,-0.0648
2.587903e-10,3.091951e-10,-0.0618
1.879122e-10,2.481204e-10,-0.0544
1.381639e-10,2.026678e-10,-0.0471
1.060709e-10,1.738910e-10,-0.0345
8.480407e-11,1.515391e-10,-0.0291
6.958260e-11,1.363852e-10,-0.0185
5.855858e-11,1.215314e-10,-0.0204
5.027895e-11,1.091758e-10,-0.0250
4.307708e-11,9.975711e-11,-0.0222
3.695577e-11,8.981764e-11,-0.0268
3.204594e-11,8.124395e-11,-0.0326
2.801267e-11,7.457114e-11,-0.0347
2.475335e-11,6.943994e-11,-0.0336
2.193827e-11,6.628546e-11,-0.0228
1.962625e-11,6.146776e-11,-0.0273
1.767316e-11,5.776816e-11,-0.0277
1.598075e-11,5.501729e-11,-0.0236
1.454642e-11,5.027008e-11,-0.0394
1.332170e-11,4.650367e-11,-0.0514
1.223013e-11,4.406668e-11,-0.0536
1.133160e-11,4.472783e-11,-0.0284
1.051796e-11,4.206750e-11,-0.0368
9.715315e-11,1.737140e-11,-1.0092
6.061421e-11,4.738710e-11,-0.4390
3.899879e-11,4.038273e-11,-0.3883
2.671963e-11,6.167714e-11,-0.1049
1.894111e-11,7.177888e-11,+0.0491
1.414217e-11,7.130066e-11,+0.1194
1.098352e-11,7.666132e-11,+0.2132
8.754306e-12,8.361635e-11,+0.3061
7.007469e-12,8.037247e-11,+0.3425
5.736444e-12,6.761048e-11,+0.3151
4.951288e-12,5.607952e-11,+0.2688
4.429511e-12,5.526891e-11,+0.2887
4.094785e-12,5.194335e-11,+0.2802
3.802667e-12,4.476232e-11,+0.2329
3.483100e-12,4.162686e-11,+0.2218
3.153889e-12,4.082995e-11,+0.2365
2.826410e-12,3.867127e-11,+0.2384
2.551262e-12,3.517435e-11,+0.2209
2.387682e-12,3.180119e-11,+0.1924
2.307163e-12,3.209734e-11,+0.2043
2.279666e-12,2.932418e-11,+0.1678
2.244721e-12,2.644672e-11,+0.1265
2.122367e-12,2.686885e-11,+0.1463
2.049856e-12,2.680686e-11,+0.1532
1.997177e-12,2.616161e-11,+0.1486
1.940587e-12,2.504694e-11,+0.1363
1.905035e-12,2.574693e-11,+0.1525
1.844890e-12,2.563970e-11,+0.1580
1.804701e-12,2.430931e-11,+0.1399
1.727827e-12,2.415154e-11,+0.1471
6.366779e-10,1.234123e-09,+0.2263
5.836256e-10,8.616020e-10,+0.1021
5.057207e-10,7.583932e-10,+0.0983
4.723458e-10,6.940724e-10,+0.0841
4.168275e-10,5.177128e-10,+0.0008
3.640749e-10,4.499730e-10,-0.0133
3.164165e-10,4.375081e-10,+0.0221
2.773745e-10,3.803334e-10,+0.0053
2.466934e-10,3.170406e-10,-0.0353
2.254689e-10,2.539509e-10,-0.1024
2.025303e-10,2.348162e-10,-0.1021
1.891428e-10,2.607565e-10,-0.0349
1.787236e-10,2.288058e-10,-0.0739
1.408463e-10,1.917168e-10,-0.0771
1.276842e-10,2.058861e-10,-0.0164
1.150314e-10,1.990869e-10,+0.0003
9.789435e-11,1.729585e-10,-0.0133
7.716967e-11,1.451908e-10,-0.0206
6.555275e-11,1.266638e-10,-0.0338
5.408685e-11,1.041146e-10,-0.0656
4.501534e-11,8.630995e-11,-0.0970
3.722571e-11,7.600167e-11,-0.1012
3.139892e-11,6.617511e-11,-0.1164
2.373385e-11,4.713319e-11,-0.1911
2.147260e-11,1.362296e-11,-0.7045
2.331331e-11,1.720460e-11,-0.6242
2.654936e-11,2.646617e-11,-0.4706
2.881355e-11,4.098406e-11,-0.3020
3.035058e-11,5.809566e-11,-0.1640
3.180667e-11,5.931951e-11,-0.1673
3.352871e-11,5.133419e-11,-0.2439
3.540274e-11,5.519666e-11,-0.2268
3.716825e-11,6.188125e-11,-0.1901
3.882881e-11,6.891534e-11,-0.1550
4.037152e-11,7.455399e-11,-0.1312
4.193336e-11,7.882114e-11,-0.1173
4.395317e-11,8.311539e-11,-0.1069
4.706222e-11,7.767033e-11,-0.1548
5.057062e-11,7.927729e-11,-0.1655
5.354375e-11,9.301083e-11,-0.1118
5.781218e-11,1.090190e-10,-0.0640
6.263167e-11,1.154824e-10,-0.0612
6.622527e-11,1.169562e-10,-0.0713
6.965574e-11,1.173265e-10,-0.0842
7.273650e-11,1.194253e-10,-0.0887
7.551049e-11,1.222116e-10,-0.0893
7.688446e-11,1.269265e-10,-0.0780
7.678425e-11,1.301696e-10,-0.0667
6.631642e-11,1.181988e-10,-0.0671
5.771198e-11,1.214155e-10,-0.0167
5.145121e-11,1.038768e-10,-0.0529
9.749733e-11,7.954582e-10,+0.6506
1.422774e-10,5.114829e-10,+0.3460
1.429901e-10,3.585127e-10,+0.1902
1.469757e-10,3.977291e-10,+0.2268
1.730382e-10,3.606881e-10,+0.1339
1.060288e-10,1.811920e-10,-0.0165
6.158170e-11,1.187309e-10,-0.0445
4.039458e-11,8.332524e-11,-0.0831
2.625821e-11,6.546298e-11,-0.0745
1.965367e-11,5.408661e-11,-0.0832
1.555549e-11,4.549191e-11,-0.0995
1.226494e-11,3.941819e-11,-0.1028
9.666804e-12,3.158664e-11,-0.1407
6.062955e-13,4.638020e-12,-0.3329
9.772655e-13,7.817700e-12,-0.2135
1.894828e-12,9.343898e-12,-0.2865
2.506572e-12,1.147825e-11,-0.2614
3.116824e-12,1.483437e-11,-0.2004
3.551927e-12,1.856723e-11,-0.1334
3.875831e-12,2.106473e-11,-0.0989
4.036353e-12,2.295651e-11,-0.0711
3.953801e-12,2.523110e-11,-0.0252
3.803115e-12,2.247539e-11,-0.0664
3.658350e-12,2.552997e-11,-0.0020
3.541499e-12,2.540847e-11,+0.0035
3.499684e-12,2.476866e-11,-0.0048
3.438450e-12,2.521685e-11,+0.0071
3.157462e-12,2.505590e-11,+0.0242
2.902314e-12,2.390972e-11,+0.0234
2.819923e-12,2.446290e-11,+0.0400
2.751634e-12,2.439514e-11,+0.0445
2.711756e-12,2.477154e-11,+0.0545
2.671665e-12,2.469060e-11,+0.0565
2.680223e-12,2.479812e-11,+0.0577
2.688341e-12,2.535197e-11,+0.0666
2.578571e-12,2.402253e-11,+0.0528
2.429185e-12,2.294413e-11,+0.0466
2.293050e-12,2.275709e-11,+0.0564
2.027679e-10,6.029426e-11,-0.6929
1.373725e-10,9.493845e-11,-0.3747
1.052881e-10,6.988724e-11,-0.4282
8.658306e-11,8.664591e-11,-0.2778
7.138774e-11,9.527902e-11,-0.1815
5.807547e-11,9.929827e-11,-0.1058
5.480641e-11,9.728054e-11,-0.0987
4.985211e-11,9.522538e-11,-0.0820
4.441478e-11,1.068189e-10,-0.0007
4.443629e-11,1.009581e-10,-0.0254
4.689846e-11,1.048119e-10,-0.0237
4.957523e-11,1.074837e-10,-0.0279
5.186445e-11,1.063854e-10,-0.0447
5.236165e-11,1.019830e-10,-0.0657
5.302552e-11,1.084443e-10,-0.0424
5.291192e-11,1.096445e-10,-0.0371
5.291885e-11,1.065769e-10,-0.0494
5.258299e-11,1.052349e-10,-0.0532
5.210214e-11,1.041292e-10,-0.0553
5.127391e-11,1.016277e-10,-0.0614
4.936154e-11,9.970373e-11,-0.0593
4.635143e-11,9.784695e-11,-0.0504
3.818434e-11,8.710136e-11,-0.0488
3.210002e-11,7.852380e-11,-0.0479
2.829382e-11,7.457612e-11,-0.0373
2.570286e-11,7.052460e-11,-0.0366
2.344267e-11,6.544982e-11,-0.0453
1.883338e-11,5.685508e-11,-0.0507
1.448545e-11,4.720775e-11,-0.0656
1.168392e-11,4.184382e-11,-0.0649
1.007448e-11,3.833305e-11,-0.0667
8.594249e-12,3.429604e-11,-0.0764
7.460405e-12,3.034415e-11,-0.0955
6.615275e-12,2.756629e-11,-0.1084
5.969746e-12,2.520792e-11,-0.1228
5.327107e-12,2.296541e-11,-0.1362
4.708715e-12,2.178889e-11,-0.1300
4.302660e-12,2.084131e-11,-0.1281
4.002640e-12,1.965269e-11,-0.1366
3.736056e-12,1.883949e-11,-0.1388
3.520756e-12,1.818379e-11,-0.1404
3.369825e-12,1.729120e-11,-0.1520
3.078861e-12,1.632215e-11,-0.1561
1.217215e-09,1.299416e-09,+0.0013
1.070194e-09,1.202367e-09,+0.0182
9.863307e-10,1.193955e-09,+0.0468
9.253988e-10,1.112051e-09,+0.0405
8.123932e-10,9.443832e-10,+0.0192
7.246040e-10,8.929691e-10,+0.0379
6.644764e-10,8.279817e-10,+0.0372
6.342749e-10,7.809842e-10,+0.0290
5.943523e-10,7.276440e-10,+0.0221
5.760449e-10,7.003965e-10,+0.0169
5.513500e-10,6.969950e-10,+0.0306
5.166416e-10,6.273888e-10,+0.0083
4.748236e-10,5.752467e-10,+0.0007
4.440305e-10,5.346540e-10,-0.0074
4.172999e-10,4.894429e-10,-0.0240
3.985641e-10,4.803031e-10,-0.0162
3.804865e-10,4.510118e-10,-0.0275
3.667801e-10,4.246429e-10,-0.0410
3.493722e-10,4.149693e-10,-0.0344
3.387011e-10,4.037141e-10,-0.0358
3.265764e-10,3.934934e-10,-0.0346
3.156831e-10,3.807101e-10,-0.0375
3.009252e-10,3.590062e-10,-0.0469
2.864501e-10,3.516874e-10,-0.0394
2.686593e-10,3.380443e-10,-0.0354
2.523821e-10,3.143466e-10,-0.0464
2.365286e-10,3.149650e-10,-0.0244
2.227713e-10,2.990557e-10,-0.0276
2.097802e-10,2.763719e-10,-0.0425
1.981058e-10,2.728669e-10,-0.0298
1.869289e-10,2.666679e-10,-0.0215
1.774468e-10,2.400823e-10,-0.0507
1.687166e-10,2.423503e-10,-0.0309
1.605204e-10,2.375280e-10,-0.0242
1.536753e-10,2.381113e-10,-0.0096
1.419093e-10,2.152369e-10,-0.0291
8.524239e-11,1.620378e-10,-0.0015
5.728683e-11,1.291033e-10,+0.0120
4.113435e-11,1.032468e-10,+0.0051
3.085955e-11,8.878290e-11,+0.0158
2.309779e-11,7.752238e-11,+0.0320
8.846121e-11,9.633378e-11,-0.2380
8.316101e-11,9.663513e-11,-0.2188
7.386805e-11,9.761732e-11,-0.1806
6.414872e-11,9.995799e-11,-0.1306
4.968562e-11,8.123247e-11,-0.1501
4.050729e-11,6.805853e-11,-0.1717
3.455421e-11,5.657606e-11,-0.2097
2.785125e-11,4.309417e-11,-0.2713
1.458254e-11,3.627903e-11,-0.1816
9.203951e-12,3.323659e-11,-0.1067
7.590901e-12,3.077102e-11,-0.0936
6.452503e-12,2.779257e-11,-0.0989
1.032568e-11,2.418026e-11,-0.2728
8.197712e-12,2.063672e-11,-0.2856
6.008560e-12,2.578530e-11,-0.1145
4.599868e-12,2.392026e-11,-0.0839
3.559189e-12,2.079513e-11,-0.0846
2.902439e-12,1.675031e-11,-0.1312
2.464337e-12,1.483555e-11,-0.1461
2.124330e-12,1.665437e-11,-0.0617
1.868511e-12,1.630023e-11,-0.0416
1.775426e-12,1.514671e-11,-0.0618
1.732174e-12,1.679960e-11,-0.0112
1.726288e-12,1.751409e-11,+0.0077
1.617058e-12,1.712083e-11,+0.0128
1.479219e-12,1.584139e-11,-0.0007
1.439668e-12,1.538081e-11,-0.0073
1.364008e-12,1.513433e-11,-0.0021
1.285032e-12,1.483087e-11,+0.0027
1.171629e-12,1.444187e-11,+0.0121
1.063731e-12,1.345442e-11,+0.0032
9.554013e-13,1.243781e-11,-0.0067
8.635475e-13,1.232672e-11,+0.0122
1.510011e-10,1.425979e-10,-0.2269
9.040031e-11,1.040375e-10,-0.2109
5.259968e-11,8.322063e-11,-0.1552
3.366969e-11,7.254557e-11,-0.0948
2.314983e-11,5.900257e-11,-0.0871
1.666893e-11,4.682846e-11,-0.1042
1.226859e-11,3.665661e-11,-0.1344
9.080816e-12,2.951721e-11,-0.1549
6.993020e-12,2.825742e-11,-0.1110
2.464602e-12,1.491135e-11,-0.1439
2.093206e-12,1.303793e-11,-0.1646
1.822224e-12,1.113596e-11,-0.2013
1.932812e-10,5.322438e-11,-0.7319
1.231152e-10,1.194984e-10,-0.2417
9.240500e-11,1.817927e-10,+0.0252
8.226843e-11,1.867046e-10,+0.0703
7.837049e-11,1.735992e-10,+0.0526
8.114551e-11,1.583270e-10,+0.0026
8.982625e-11,1.391987e-10,-0.0826
8.991094e-11,1.294863e-10,-0.1143
8.374289e-11,1.179098e-10,-0.1344
7.793164e-11,1.086731e-10,-0.1493
7.163212e-11,9.871139e-11,-0.1671
6.171714e-11,8.945353e-11,-0.1680
5.402043e-11,8.154998e-11,-0.1713
3.865511e-10,3.915913e-10,-0.0943
2.079346e-10,2.803346e-10,-0.0335
1.430100e-10,2.327654e-10,+0.0025
9.041990e-11,1.676093e-10,-0.0038
6.329721e-11,1.272613e-10,-0.0220
4.468836e-11,1.050837e-10,-0.0095
3.172806e-11,8.637651e-11,-0.0034
2.318118e-11,6.773454e-11,-0.0275
1.845506e-11,5.802639e-11,-0.0367
1.547633e-11,4.744432e-11,-0.0799
2.365770e-11,2.199579e-11,-0.5212
2.104677e-11,4.582056e-11,-0.1726
2.270156e-11,6.726071e-11,-0.0252
2.566478e-11,9.445414e-11,+0.0907
2.813258e-11,8.490483e-11,+0.0206
2.987331e-11,8.179197e-11,-0.0113
2.965886e-11,8.024451e-11,-0.0177
2.838562e-11,7.846529e-11,-0.0160
2.653066e-11,7.412868e-11,-0.0232
2.368534e-11,6.873970e-11,-0.0267
2.212541e-11,6.336015e-11,-0.0446
2.010483e-11,5.725026e-11,-0.0642
1.819886e-11,5.359096e-11,-0.0677
1.631970e-11,4.989807e-11,-0.0713
1.394764e-11,4.636109e-11,-0.0641
1.244427e-11,4.427328e-11,-0.0559
1.072135e-11,4.093253e-11,-0.0534
2.400339e-10,2.817781e-10,-0.0775
2.148995e-10,2.610609e-10,-0.0750
1.901152e-10,2.139269e-10,-0.1225
1.392768e-10,1.827949e-10,-0.0944
1.074508e-10,1.603123e-10,-0.0736
8.255762e-11,1.444019e-10,-0.0423
6.516638e-11,1.309183e-10,-0.0178
1.928943e-10,3.033440e-10,+0.0246
1.482162e-10,2.548632e-10,+0.0310
1.218566e-10,2.166199e-10,+0.0197
1.111908e-10,1.848160e-10,-0.0220
9.591058e-11,1.553087e-10,-0.0541
8.060599e-11,1.322064e-10,-0.0738
6.635952e-11,1.166486e-10,-0.0730
5.236098e-11,9.553822e-11,-0.0940
4.325247e-11,5.841406e-11,-0.2557
3.552302e-11,9.925280e-11,+0.0271
3.487205e-11,9.923865e-11,+0.0320
3.400551e-11,9.633378e-11,+0.0257
3.090024e-11,8.973260e-11,+0.0201
3.322050e-11,8.322063e-11,-0.0317
3.327656e-11,8.024451e-11,-0.0479
2.816642e-11,7.846529e-11,-0.0140
2.332752e-11,7.412868e-11,+0.0100
1.922901e-11,6.673281e-11,+0.0136
8.387875e-11,2.168873e-10,+0.1298
7.158054e-11,1.637909e-10,+0.0530
5.397133e-11,1.306616e-10,+0.0336
4.101122e-11,1.037508e-10,+0.0081
2.843962e-11,8.207402e-11,+0.0030
2.015074e-11,5.910670e-11,-0.0510
1.518158e-11,5.257265e-11,-0.0306
1.175518e-11,4.542141e-11,-0.0308
9.465441e-12,3.955454e-11,-0.0379
1.997651e-11,5.753235e-11,-0.0605
3.933188e-11,5.552420e-11,-0.2522
4.510929e-11,5.327070e-11,-0.3071
4.299871e-11,6.517817e-11,-0.2065
3.816883e-11,6.594597e-11,-0.1695
3.286192e-11,6.689316e-11,-0.1237
2.931405e-11,7.014565e-11,-0.0731
2.686099e-11,7.488560e-11,-0.0220
2.489328e-11,6.869989e-11,-0.0397
2.231755e-11,5.994283e-11,-0.0709
1.899002e-11,5.190610e-11,-0.0923
1.611877e-11,4.607011e-11,-0.1029
1.375203e-10,2.314218e-10,+0.0119
1.305749e-10,1.997240e-10,-0.0363
1.205965e-10,1.762559e-10,-0.0667
1.099307e-10,1.602467e-10,-0.0805
1.001084e-10,1.474040e-10,-0.0893
8.885826e-11,1.351203e-10,-0.0923
7.654701e-11,1.209182e-10,-0.0978
6.509325e-11,1.084671e-10,-0.0992
5.508999e-11,9.913102e-11,-0.0920
4.714722e-11,9.281224e-11,-0.0780
4.155307e-11,8.779733e-11,-0.0680
3.705981e-11,8.234214e-11,-0.0652
3.329602e-11,7.410055e-11,-0.0827
2.961912e-11,5.747906e-11,-0.1623
2.680993e-11,5.424132e-11,-0.1615
2.436612e-11,5.324580e-11,-0.1449
2.187003e-11,5.195013e-11,-0.1279
2.002273e-11,4.994534e-11,-0.1225
1.839278e-11,4.806365e-11,-0.1177
1.679353e-11,4.605584e-11,-0.1133
1.556731e-11,4.552867e-11,-0.0993
1.445360e-11,4.611569e-11,-0.0752
1.349780e-11,4.515483e-11,-0.0674
1.252863e-11,4.249459e-11,-0.0754
1.181355e-11,4.073851e-11,-0.0792
1.118442e-11,4.047046e-11,-0.0687
1.068713e-11,3.976735e-11,-0.0651
1.012374e-11,3.983558e-11,-0.0512
9.585104e-12,3.964483e-11,-0.0400
9.085679e-12,3.948871e-11,-0.0287
8.531530e-12,3.830736e-11,-0.0266
8.089117e-12,3.736672e-11,-0.0246
7.686895e-12,3.645850e-11,-0.0230
7.261216e-12,3.467751e-11,-0.0311
6.942552e-12,3.237120e-11,-0.0502
6.566329e-12,3.020246e-11,-0.0670
2.659748e-10,2.726891e-10,-0.1254
8.911517e-11,1.245932e-10,-0.1284
7.112075e-11,1.212191e-10,-0.0759
7.777326e-11,1.188587e-10,-0.1098
7.426370e-11,9.633444e-11,-0.1879
5.477396e-11,7.340761e-11,-0.2208
4.204185e-11,6.223368e-11,-0.2206
3.740635e-12,3.380016e-12,-0.8853
7.875295e-12,8.689783e-12,-0.6516
8.859200e-12,1.547767e-11,-0.4293
9.395888e-12,2.023633e-11,-0.3272
9.909227e-12,2.198963e-11,-0.3040
9.041092e-12,2.441847e-11,-0.2362
1.673839e-10,6.633641e-11,-0.5911
1.581925e-10,1.189024e-10,-0.3202
1.233921e-10,1.500075e-10,-0.1436
1.033011e-10,1.460060e-10,-0.1026
9.174213e-11,1.230759e-10,-0.1421
7.219917e-11,1.077551e-10,-0.1312
5.387889e-11,9.667906e-11,-0.0967
1.750930e-10,1.342494e-10,-0.2990
1.504510e-10,1.712601e-10,-0.1463
1.812864e-10,1.623099e-10,-0.2274
1.665954e-10,1.487637e-10,-0.2389
1.168550e-10,1.231041e-10,-0.2132
8.941361e-11,9.917579e-11,-0.2285
7.145162e-11,8.048984e-11,-0.2550
5.306756e-11,6.797915e-11,-0.2455
4.122594e-11,5.833360e-11,-0.2434
3.319562e-11,5.064844e-11,-0.2471
2.685770e-11,4.915090e-11,-0.2048
2.133501e-11,4.567836e-11,-0.1774
9.925032e-11,1.788003e-10,-0.0029
8.534788e-11,2.028158e-10,+0.0957
8.753821e-11,2.093068e-10,+0.1020
9.961455e-11,2.048603e-10,+0.0551
1.047477e-10,1.914751e-10,+0.0110
1.016793e-10,1.747408e-10,-0.0199
8.390973e-11,1.569806e-10,-0.0107
7.019125e-11,1.384345e-10,-0.0145
5.695572e-11,1.244450e-10,-0.0024
4.657924e-11,1.141043e-10,+0.0150
3.952110e-11,1.041639e-10,+0.0197
3.501732e-11,9.496558e-11,+0.0118
3.089618e-11,8.453877e-11,-0.0058
2.745350e-11,7.700631e-11,-0.0155
2.425964e-11,6.987689e-11,-0.0257
2.195098e-11,6.402146e-11,-0.0381
1.978913e-11,5.907111e-11,-0.0466
1.809574e-11,5.894380e-11,-0.0249
1.625677e-11,5.532950e-11,-0.0255
1.477046e-11,4.830857e-11,-0.0605
1.329473e-11,4.026990e-11,-0.1134
1.201994e-11,3.848821e-11,-0.1082
1.092337e-11,3.685751e-11,-0.1035
1.004645e-11,3.599716e-11,-0.0933
3.299852e-10,3.978431e-10,-0.0333
1.213995e-10,2.351713e-10,+0.0565
5.731607e-11,1.352489e-10,+0.0320
3.076574e-11,7.985952e-11,-0.0294
1.901348e-11,5.058418e-11,-0.1039
1.348503e-11,4.368652e-11,-0.0815
1.010183e-11,3.924489e-11,-0.0571
2.043416e-10,1.730817e-10,-0.2374
2.324273e-10,2.282325e-10,-0.1586
1.825827e-10,2.279909e-10,-0.0821
1.464118e-10,1.875785e-10,-0.0984
1.223960e-10,1.501488e-10,-0.1408
8.911358e-11,1.164939e-10,-0.1576
6.585600e-11,9.597316e-11,-0.1556
4.977009e-11,8.042840e-11,-0.1549
3.862675e-11,6.997387e-11,-0.1470
3.214596e-11,6.162273e-11,-0.1535
2.637279e-11,5.541253e-11,-0.1480
2.169608e-11,5.192807e-11,-0.1260
1.922468e-11,4.896904e-11,-0.1207
1.642188e-11,4.596851e-11,-0.1085
1.406681e-11,4.290746e-11,-0.0998
1.218573e-11,3.936815e-11,-0.1017
1.070328e-11,3.745858e-11,-0.0915
2.879441e-11,8.263592e-11,+0.0028
2.278126e-11,8.088498e-11,+0.0540
2.173310e-11,7.190765e-11,+0.0149
1.817360e-11,6.800485e-11,+0.0361
1.824271e-11,6.920207e-11,+0.0427
1.786750e-11,6.098366e-11,-0.0070
1.730999e-11,5.627034e-11,-0.0339
1.682326e-11,5.315675e-11,-0.0515
1.673410e-11,5.086542e-11,-0.0693
1.667343e-11,4.829915e-11,-0.0908
1.493996e-11,4.464479e-11,-0.0976
1.307255e-11,3.813692e-11,-0.1329
1.216170e-11,3.454903e-11,-0.1579
1.018982e-11,3.243652e-11,-0.1420
8.816205e-12,2.934712e-11,-0.1503
7.786032e-12,2.690404e-11,-0.1581
7.165560e-12,2.570322e-11,-0.1579
6.338788e-12,2.490914e-11,-0.1423
5.573999e-12,2.313460e-11,-0.1438
5.228660e-12,2.153435e-11,-0.1598
4.708714e-12,2.071481e-11,-0.1519
4.201818e-12,2.035655e-11,-0.1327
3.843781e-12,1.968659e-11,-0.1264
8.501785e-11,4.753494e-10,+0.4667
7.951686e-11,2.054660e-10,+0.1216
5.974506e-11,1.382170e-10,+0.0300
4.230499e-11,1.103244e-10,+0.0264
2.968065e-11,9.982924e-11,+0.0769
2.037808e-11,8.749251e-11,+0.1165
1.502656e-11,7.672591e-11,+0.1362
1.114191e-11,6.621886e-11,+0.1461
8.599614e-12,5.857105e-11,+0.1558
6.943389e-12,5.290092e-11,+0.1631
5.728739e-12,4.747197e-11,+0.1619
4.839789e-12,4.364326e-11,+0.1653
4.149773e-12,4.033164e-11,+0.1672
3.745536e-12,3.739452e-11,+0.1583
4.482001e-10,8.511044e-11,-0.8088
4.586540e-10,1.821754e-10,-0.4864
4.383617e-10,2.646741e-10,-0.3082
3.702061e-10,2.490382e-10,-0.2760
2.668565e-10,2.245243e-10,-0.2109
1.985222e-10,1.894049e-10,-0.1891
1.560582e-10,1.795729e-10,-0.1369
1.261328e-10,1.589038e-10,-0.1252
1.069485e-10,1.459124e-10,-0.1131
8.683014e-11,1.341643e-10,-0.0888
7.107638e-11,1.231521e-10,-0.0688
5.987210e-11,1.129188e-10,-0.0584
5.125622e-11,1.019939e-10,-0.0598
4.443864e-11,9.197472e-11,-0.0659
3.842637e-11,8.272078e-11,-0.0729
3.393757e-11,7.448856e-11,-0.0854
2.981131e-11,6.832412e-11,-0.0889
2.653917e-11,6.429996e-11,-0.0850
2.396538e-11,6.141155e-11,-0.0786
1.401027e-10,2.776210e-11,-0.9147
1.289334e-10,5.172712e-11,-0.6192
1.059564e-10,5.726499e-11,-0.5166
9.445826e-11,6.311553e-11,-0.4407
8.838989e-11,6.697666e-11,-0.3956
6.284599e-11,7.370892e-11,-0.2572
8.446862e-11,9.279396e-11,-0.2409
7.189415e-11,1.011911e-10,-0.1573
6.494193e-11,8.838692e-11,-0.1875
5.817990e-11,8.769386e-11,-0.1603
5.687215e-11,9.143713e-11,-0.1358
5.555007e-11,8.579344e-11,-0.1570
4.988781e-11,7.653278e-11,-0.1771
4.354638e-11,6.975696e-11,-0.1805
3.844137e-11,6.171717e-11,-0.2002
3.366492e-11,5.779843e-11,-0.1935
2.981038e-11,5.553456e-11,-0.1789
2.761339e-11,5.351571e-11,-0.1750
2.581736e-11,5.124278e-11,-0.1765
2.349942e-11,4.843090e-11,-0.1767
2.101339e-11,4.585801e-11,-0.1718
1.900382e-11,4.452947e-11,-0.1591
1.734084e-11,4.263064e-11,-0.1549
1.571909e-11,4.094687e-11,-0.1478
1.428498e-11,3.880564e-11,-0.1473
1.318419e-11,3.687722e-11,-0.1495
1.237832e-11,3.570968e-11,-0.1479
1.162213e-11,3.465220e-11,-0.1455
1.086629e-11,3.315360e-11,-0.1482
1.033252e-11,3.126875e-11,-0.1613
9.938628e-12,3.002412e-11,-0.1695
9.564075e-12,2.887479e-11,-0.1771
9.154118e-12,2.677647e-11,-0.1992
8.914507e-12,2.638698e-11,-0.1992
8.545212e-12,2.536036e-11,-0.2062
8.198457e-12,2.412196e-11,-0.2179
7.821234e-12,2.296599e-11,-0.2279
7.415663e-12,2.188476e-11,-0.2360
2.258098e-09,2.944524e-09,+0.1057
1.701645e-09,1.795279e-09,+0.0073
1.115526e-09,1.136006e-09,-0.0227
8.117377e-10,9.007656e-10,-0.0010
6.805987e-10,7.907576e-10,+0.0084
5.963613e-10,6.540394e-10,-0.0255
5.286672e-10,6.417544e-10,+0.0099
4.532132e-10,5.531632e-10,+0.0002
3.893161e-10,4.880490e-10,-0.0011
3.442509e-10,4.384505e-10,-0.0055
2.903080e-10,3.846054e-10,-0.0050
2.507042e-10,3.417071e-10,-0.0080
2.154396e-10,3.064691e-10,-0.0062
1.890039e-10,2.778780e-10,-0.0071
1.683351e-10,2.525883e-10,-0.0122
1.480948e-10,2.297739e-10,-0.0138
1.281402e-10,2.120824e-10,-0.0046
1.102933e-10,1.984151e-10,+0.0113
1.833804e-09,1.809536e-09,-0.0199
6.640557e-10,6.509371e-10,-0.0670
3.627938e-10,4.203090e-10,-0.0417
2.144815e-10,3.050810e-10,-0.0067
1.403822e-10,2.395084e-10,+0.0206
1.043743e-10,1.996468e-10,+0.0302
6.887987e-11,1.525803e-10,+0.0331
4.991692e-11,1.226224e-10,+0.0275
3.736714e-11,1.042454e-10,+0.0350
2.968825e-11,8.898189e-11,+0.0269
2.462229e-11,7.942944e-11,+0.0261
2.181980e-11,7.248271e-11,+0.0174
1.895431e-11,6.652120e-11,+0.0159
1.626221e-11,5.867188e-11,-0.0001
1.378678e-11,5.354524e-11,+0.0014
1.158295e-11,4.498320e-11,-0.0313
1.001557e-11,3.874914e-11,-0.0606
8.662668e-12,3.343496e-11,-0.0894
7.546083e-12,3.199441e-11,-0.0753
6.687701e-12,2.988175e-11,-0.0760
5.977687e-12,2.888893e-11,-0.0639
5.345272e-12,2.792036e-11,-0.0522
9.138002e-10,7.032890e-10,-0.1536
6.537046e-10,5.947580e-10,-0.1004
5.202054e-10,4.753709e-10,-0.1146
4.453046e-10,4.206094e-10,-0.1126
3.375105e-10,3.327778e-10,-0.1185
2.793613e-10,2.720727e-10,-0.1426
2.418322e-10,2.449895e-10,-0.1407
2.161508e-10,2.277040e-10,-0.1362
1.980916e-10,2.087729e-10,-0.1461
1.737275e-10,1.878375e-10,-0.1507
1.536502e-10,1.738618e-10,-0.1462
1.371502e-10,1.595414e-10,-0.1488
8.813613e-11,1.196908e-10,-0.1427
6.211936e-11,9.617113e-11,-0.1384
4.519677e-11,7.768953e-11,-0.1437
3.247792e-11,6.458905e-11,-0.1358
2.413569e-11,5.312242e-11,-0.1434
1.866131e-11,4.430997e-11,-0.1566
1.510522e-11,3.817642e-11,-0.1683
1.261135e-11,3.394902e-11,-0.1745
1.081296e-11,3.042610e-11,-0.1843
9.129315e-12,2.838781e-11,-0.1732
8.011099e-12,2.606118e-11,-0.1787
7.109635e-12,2.405306e-11,-0.1849
6.455531e-12,2.261260e-11,-0.1886
5.772335e-12,2.127373e-11,-0.1885
5.161038e-12,1.897817e-11,-0.2116
4.581617e-12,1.756265e-11,-0.2172
6.485178e-10,1.042763e-09,+0.1464
3.042943e-10,5.201525e-10,+0.1104
2.076145e-10,3.459675e-10,+0.0583
1.665764e-10,2.567710e-10,-0.0018
1.350657e-10,2.074847e-10,-0.0300
1.197676e-10,1.827734e-10,-0.0489
1.115886e-10,1.523267e-10,-0.1070
1.022730e-10,1.257113e-10,-0.1647
8.480073e-11,1.098331e-10,-0.1689
7.330003e-11,9.318135e-11,-0.1986
6.156756e-11,8.073855e-11,-0.2119
4.850675e-11,6.814548e-11,-0.2199
3.846632e-11,5.739419e-11,-0.2319
3.108927e-11,4.629403e-11,-0.2689
2.579403e-11,4.004128e-11,-0.2833
2.112467e-11,3.740877e-11,-0.2616
1.768163e-11,3.503947e-11,-0.2450
1.507004e-11,3.205520e-11,-0.2436
1.306128e-11,3.179711e-11,-0.2116
2.916738e-11,4.516893e-11,-0.2629
4.534608e-11,8.753157e-11,-0.0928
4.725608e-11,8.559288e-11,-0.1138
4.354835e-11,5.775513e-11,-0.2625
3.973360e-11,4.779862e-11,-0.3200
3.667273e-11,4.393948e-11,-0.3352
3.421891e-11,4.171641e-11,-0.3394
3.091836e-11,4.423733e-11,-0.2872
2.854234e-11,4.277820e-11,-0.2809
2.673275e-11,4.008218e-11,-0.2922
2.351087e-11,4.474203e-11,-0.2113
2.000810e-11,4.890099e-11,-0.1315
1.659021e-11,5.063548e-11,-0.0691
1.516489e-11,4.578407e-11,-0.0903
1.359401e-11,4.158559e-11,-0.1049
1.172331e-11,4.083831e-11,-0.0763
1.033953e-11,4.074093e-11,-0.0466
8.862383e-12,3.823623e-11,-0.0366
7.792267e-12,3.532708e-11,-0.0400
7.185142e-12,3.312029e-11,-0.0485
6.574031e-12,3.102128e-11,-0.0557
5.956995e-12,2.798093e-11,-0.0770
5.424852e-12,2.523502e-11,-0.0996
4.918076e-12,2.363256e-11,-0.1049
1.030448e-10,2.950570e-10,+0.2037
9.232700e-11,2.077518e-10,+0.0834
8.295988e-11,1.777266e-10,+0.0465
7.055180e-11,1.422661e-10,-0.0041
5.543006e-11,1.135338e-10,-0.0347
4.520862e-11,9.819987e-11,-0.0421
3.801292e-11,8.665198e-11,-0.0498
3.227561e-11,7.243411e-11,-0.0844
2.585897e-11,6.462963e-11,-0.0761
2.199353e-11,6.139757e-11,-0.0567
1.983069e-11,5.099791e-11,-0.1110
1.679465e-11,4.537256e-11,-0.1198
1.500755e-11,4.173427e-11,-0.1280
1.287416e-11,3.822031e-11,-0.1281
1.154115e-11,3.790461e-11,-0.1048
1.008937e-11,3.534378e-11,-0.1023
9.073441e-12,3.307660e-11,-0.1053
8.187784e-12,3.191883e-11,-0.0959
7.655140e-12,2.948811e-11,-0.1141
1.208519e-10,4.552529e-10,+0.3447
1.002171e-10,4.052860e-10,+0.3497
8.605418e-11,4.010452e-10,+0.3894
7.939483e-11,3.758147e-10,+0.3843
7.579792e-11,3.464603e-10,+0.3622
7.472793e-11,3.320832e-10,+0.3478
7.283259e-11,3.328402e-10,+0.3561
7.112498e-11,3.079308e-10,+0.3290
7.039815e-11,2.908629e-10,+0.3071
7.086273e-11,2.877993e-10,+0.3007
7.051058e-11,2.667598e-10,+0.2691
6.817261e-11,2.533821e-10,+0.2563
6.553310e-11,2.368874e-10,+0.2381
6.308921e-11,2.251466e-10,+0.2267
6.108903e-11,2.068567e-10,+0.1989
5.781969e-11,1.888994e-10,+0.1747
5.485272e-11,1.791036e-10,+0.1661
5.246689e-11,1.666958e-10,+0.1472
4.993759e-11,1.597383e-10,+0.1422
4.725313e-11,1.481726e-10,+0.1246
4.381732e-11,1.425950e-10,+0.1284
4.131500e-11,1.440936e-10,+0.1487
3.914165e-11,1.345250e-10,+0.1334
3.738354e-11,1.281226e-10,+0.1245
3.567056e-11,1.256559e-10,+0.1285
3.381468e-11,1.243863e-10,+0.1382
3.234843e-11,1.230580e-10,+0.1452
3.087495e-11,1.156341e-10,+0.1304
2.972741e-11,1.107915e-10,+0.1218
2.804770e-11,1.101595e-10,+0.1344
2.391577e-11,9.554626e-11,+0.1138
2.024867e-11,8.463515e-11,+0.1037
1.787889e-11,7.581520e-11,+0.0874
8.444012e-11,1.201224e-10,-0.1287
9.442047e-11,1.883392e-10,+0.0343
1.055605e-10,2.666004e-10,+0.1525
9.328198e-11,2.655456e-10,+0.1870
8.433730e-11,2.165414e-10,+0.1275
7.950890e-11,1.909100e-10,+0.0897
7.826668e-11,1.887775e-10,+0.0893
7.861256e-11,2.082463e-10,+0.1307
8.092654e-11,2.176671e-10,+0.1416
8.336568e-11,2.106096e-10,+0.1188
8.515220e-11,2.019862e-10,+0.0945
8.520139e-11,1.900366e-10,+0.0679
8.346907e-11,1.823399e-10,+0.0558
7.938420e-11,1.627705e-10,+0.0209
7.406881e-11,1.476053e-10,-0.0018
6.756759e-11,1.321311e-10,-0.0240
6.234782e-11,1.210247e-10,-0.0396
5.911075e-11,1.256282e-10,-0.0086
5.618088e-11,1.147496e-10,-0.0338
3.986404e-11,8.731556e-11,-0.0592
2.832833e-11,6.706791e-11,-0.0837
2.556270e-11,6.464332e-11,-0.0730
2.343874e-11,6.265642e-11,-0.0642
2.145090e-11,5.964061e-11,-0.0630
1.934866e-11,5.807587e-11,-0.0483
1.751716e-11,5.606530e-11,-0.0385
1.586977e-11,5.291186e-11,-0.0389
1.460214e-11,5.114204e-11,-0.0329
1.321693e-11,4.976518e-11,-0.0200
1.202241e-11,4.856381e-11,-0.0072
1.094574e-11,4.575062e-11,-0.0101
1.017803e-11,4.511561e-11,+0.0016
9.415944e-12,4.372130e-11,+0.0069
8.700039e-12,4.244404e-11,+0.0132
8.052817e-12,3.933469e-11,-0.0012
7.581665e-12,3.620395e-11,-0.0227
7.097242e-12,3.315978e-11,-0.0450
6.630746e-12,3.157673e-11,-0.0500
6.250641e-12,2.856214e-11,-0.0795
6.185209e-12,2.925679e-11,-0.0666
5.443254e-12,2.944997e-11,-0.0333
4.983835e-12,2.673389e-11,-0.0545
4.642355e-12,2.851682e-11,-0.0097
4.329990e-12,2.561561e-11,-0.0400
7.176246e-10,7.462267e-10,-0.0365
5.125651e-10,7.779060e-10,+0.1046
3.854704e-10,5.937395e-10,+0.0874
3.098177e-10,4.373079e-10,+0.0290
2.565093e-10,3.489113e-10,-0.0064
2.233285e-10,2.775038e-10,-0.0608
1.963123e-10,2.396967e-10,-0.0832
1.724594e-10,2.376385e-10,-0.0462
1.508495e-10,2.134041e-10,-0.0515
1.358303e-10,1.828436e-10,-0.0866
1.233761e-10,1.811628e-10,-0.0616
1.122382e-10,1.576389e-10,-0.0938
1.044865e-10,1.484349e-10,-0.0988
9.915493e-11,1.283702e-10,-0.1465
9.440105e-11,1.298837e-10,-0.1271
8.993132e-11,1.238821e-10,-0.1335
8.239341e-11,1.157576e-10,-0.1378
7.766754e-11,1.129412e-10,-0.1316
6.270512e-11,9.284218e-11,-0.1563
4.777236e-11,8.153020e-11,-0.1378
3.677001e-11,7.148241e-11,-0.1246
2.912162e-11,5.846716e-11,-0.1505
2.468643e-11,5.383409e-11,-0.1435
1.073279e-10,2.528216e-10,+0.1246
1.629650e-10,2.132076e-10,-0.0757
1.459415e-10,1.719875e-10,-0.1351
9.795424e-11,1.484351e-10,-0.0799
6.512776e-11,1.251924e-10,-0.0371
4.585434e-11,1.042811e-10,-0.0198
3.439851e-11,8.354558e-11,-0.0392
2.690442e-11,7.184120e-11,-0.0404
2.202399e-11,6.384716e-11,-0.0401
1.839326e-11,5.745403e-11,-0.0402
1.546506e-11,5.132814e-11,-0.0456
1.329974e-11,4.704610e-11,-0.0459
1.172363e-11,4.422678e-11,-0.0417
1.035442e-11,4.169427e-11,-0.0369
9.261013e-12,3.898305e-11,-0.0389
8.376702e-12,3.723126e-11,-0.0346
7.657048e-12,3.449666e-11,-0.0461
6.926466e-12,3.183037e-11,-0.0570
6.301746e-12,2.968074e-11,-0.0648
5.736340e-12,2.922444e-11,-0.0491
5.263639e-12,2.740893e-11,-0.0566
4.887002e-12,2.574114e-11,-0.0663
4.479331e-12,2.450486e-11,-0.0672
4.134505e-12,2.351015e-11,-0.0664
3.805695e-12,2.220182e-11,-0.0718
3.539339e-12,2.174480e-11,-0.0639
3.307842e-12,2.059504e-11,-0.0718
3.075036e-12,2.048267e-11,-0.0572
2.879593e-12,1.945483e-11,-0.0643
2.705138e-12,1.982613e-11,-0.0416
2.535297e-12,1.823787e-11,-0.0629
2.885506e-10,5.500988e-10,+0.1524
1.243854e-10,3.514424e-10,+0.2237
7.844160e-11,2.188440e-10,+0.1529
4.952761e-11,1.394286e-10,+0.0854
3.355074e-11,1.020485e-10,+0.0543
2.439595e-11,7.668491e-11,+0.0132
1.804534e-11,6.232223e-11,-0.0000
1.380342e-11,5.059761e-11,-0.0235
1.108877e-11,4.291136e-11,-0.0411
8.993733e-12,3.772570e-11,-0.0461
7.281297e-12,3.441318e-11,-0.0350
6.236638e-12,3.302447e-11,-0.0159
5.361091e-12,3.138886e-11,-0.0021
4.547180e-12,2.815899e-11,-0.0104
3.845898e-12,2.621069e-11,-0.0022
1.194938e-11,6.261464e-11,+0.1046
2.252889e-11,9.657560e-11,+0.1338
2.104822e-11,1.385830e-10,+0.3080
1.685354e-11,1.665182e-10,+0.4440
4.687621e-09,3.992782e-09,-0.0714
9.354057e-10,9.780138e-10,-0.0194
4.699993e-10,5.648568e-10,-0.0036
3.524542e-10,4.769755e-10,+0.0231
2.807161e-10,3.391787e-10,-0.0484
2.336292e-10,2.837480e-10,-0.0657
2.111733e-10,2.637477e-10,-0.0650
2.053806e-10,2.310503e-10,-0.1136
1.900384e-10,2.216395e-10,-0.1070
1.765363e-10,2.049850e-10,-0.1177
1.629372e-10,2.055020e-10,-0.0917
1.515269e-10,2.038923e-10,-0.0727
1.461890e-10,2.054124e-10,-0.0585
1.407378e-10,2.033387e-10,-0.0513
1.360216e-10,1.949236e-10,-0.0593
1.346459e-10,1.860147e-10,-0.0765
1.267664e-10,1.782691e-10,-0.0768
1.175550e-10,1.682934e-10,-0.0792
1.102716e-10,1.603061e-10,-0.0813
1.054504e-10,1.534254e-10,-0.0871
9.783576e-11,1.422425e-10,-0.0980
9.145324e-11,1.369882e-10,-0.0947
8.330332e-11,1.306126e-10,-0.0885
7.607999e-11,1.232654e-10,-0.0877
7.163428e-11,1.167007e-10,-0.0944
6.754529e-11,1.105569e-10,-0.1013
6.438575e-11,1.036245e-10,-0.1160
6.005092e-11,9.853496e-11,-0.1184
5.626406e-11,9.492527e-11,-0.1166
5.261108e-11,8.936817e-11,-0.1243
5.012092e-11,8.806965e-11,-0.1174
4.691468e-11,8.815554e-11,-0.0990
4.413267e-11,8.524511e-11,-0.0970
4.166681e-11,8.354221e-11,-0.0903
3.944209e-11,8.003028e-11,-0.0942
3.796818e-11,7.734655e-11,-0.0989
3.616011e-11,7.512981e-11,-0.0985
3.454525e-11,7.298162e-11,-0.0990
3.313840e-11,7.265604e-11,-0.0900
3.175989e-11,6.993380e-11,-0.0954
3.079165e-11,6.622148e-11,-0.1109
2.913412e-11,6.152583e-11,-0.1284
2.748274e-11,5.858538e-11,-0.1345
2.607249e-11,5.576661e-11,-0.1423
2.520310e-11,5.410330e-11,-0.1466
2.244341e-11,5.220860e-11,-0.1323
2.139860e-11,4.974472e-11,-0.1411
2.046247e-11,4.804170e-11,-0.1449
1.958042e-11,4.641568e-11,-0.1486
1.892087e-11,4.564651e-11,-0.1472
1.813505e-11,4.470139e-11,-0.1456
1.740679e-11,4.548429e-11,-0.1277
1.670260e-11,4.400083e-11,-0.1318
1.620586e-11,4.389595e-11,-0.1252
1.561172e-11,4.198351e-11,-0.1352
1.505690e-11,3.962298e-11,-0.1513
1.443552e-11,3.990079e-11,-0.1378
1.385154e-11,3.767537e-11,-0.1525
7.287122e-10,5.928155e-10,-0.1422
6.776888e-10,5.670717e-10,-0.1344
6.381914e-10,5.372462e-10,-0.1357
5.620643e-10,4.743495e-10,-0.1435
4.915574e-10,4.312631e-10,-0.1367
4.462597e-10,4.000910e-10,-0.1350
3.908870e-10,3.640284e-10,-0.1299
3.476362e-10,3.339293e-10,-0.1271
2.737772e-10,2.861613e-10,-0.1140
2.113593e-10,2.464680e-10,-0.0947
1.736733e-10,2.071928e-10,-0.1080
1.462908e-10,1.854740e-10,-0.1030
1.240165e-10,1.670507e-10,-0.0984
1.080659e-10,1.503832e-10,-0.1031
9.482467e-11,1.364426e-10,-0.1070
8.323297e-11,1.223796e-10,-0.1165
7.392621e-11,1.122495e-10,-0.1202
6.719959e-11,1.030682e-10,-0.1303
6.163148e-11,9.776905e-11,-0.1290
5.712072e-11,9.381348e-11,-0.1259
5.274683e-11,8.958170e-11,-0.1240
4.795142e-11,8.574001e-11,-0.1170
4.375281e-11,8.300024e-11,-0.1063
4.049040e-11,7.818116e-11,-0.1114
3.687318e-11,7.408629e-11,-0.1098
3.379185e-11,7.036925e-11,-0.1090
3.112997e-11,6.864973e-11,-0.0982
2.867718e-11,6.654033e-11,-0.0903
2.637025e-11,6.403155e-11,-0.0852
2.446657e-11,6.297301e-11,-0.0731
2.257738e-11,5.826247e-11,-0.0862
2.099754e-11,5.629979e-11,-0.0826
1.966496e-11,5.584169e-11,-0.0694
1.845757e-11,5.317850e-11,-0.0746
1.729370e-11,5.329171e-11,-0.0573
1.614527e-11,5.055615e-11,-0.0629
1.093487e-10,2.439700e-11,-0.8964
1.036409e-10,7.170404e-11,-0.4124
9.964632e-11,7.100877e-11,-0.4051
9.796569e-11,9.491402e-11,-0.2741
9.746408e-11,1.215283e-10,-0.1653
9.581462e-11,1.417831e-10,-0.0933
9.461209e-11,1.485573e-10,-0.0694
9.405274e-11,1.688239e-10,-0.0121
9.322691e-11,1.835597e-10,+0.0268
9.239444e-11,1.913620e-10,+0.0475
9.181828e-11,1.919683e-10,+0.0507
9.171530e-11,1.885961e-10,+0.0433
9.205459e-11,1.822870e-10,+0.0274
9.174816e-11,1.782560e-10,+0.0187
8.977570e-11,1.687791e-10,+0.0013
8.839562e-11,1.748408e-10,+0.0211
8.748003e-11,1.726680e-10,+0.0187
8.667129e-11,1.639012e-10,-0.0013
8.172875e-11,1.301074e-10,-0.0847
7.534735e-11,1.209499e-10,-0.0932
7.030814e-11,1.143126e-10,-0.0981
6.703859e-11,1.157063e-10,-0.0794
6.583437e-11,1.127290e-10,-0.0857
6.522771e-11,1.141163e-10,-0.0777
6.694024e-11,1.146039e-10,-0.0832
6.848173e-11,1.170748e-10,-0.0803
6.884977e-11,1.146137e-10,-0.0910
6.508312e-11,1.191277e-10,-0.0585
6.103972e-11,1.190373e-10,-0.0409
5.856348e-11,1.145356e-10,-0.0461
5.639919e-11,1.060825e-10,-0.0690
5.385758e-11,1.046169e-10,-0.0623
5.107906e-11,1.032468e-10,-0.0535
4.833430e-11,1.057077e-10,-0.0282
4.608696e-11,1.144480e-10,+0.0192
4.330531e-11,1.055897e-10,+0.0011
4.064343e-11,1.045083e-10,+0.0136
3.812077e-11,1.038276e-10,+0.0279
3.571697e-11,9.615722e-11,+0.0119
3.199636e-11,8.904199e-11,+0.0076
2.782175e-11,7.333985e-11,-0.0401
2.359195e-11,6.419276e-11,-0.0554
2.036098e-11,5.671323e-11,-0.0715
1.778615e-11,4.847353e-11,-0.1055
1.523818e-11,3.937518e-11,-0.1570
1.317009e-11,3.395027e-11,-0.1852
3.105804e-09,3.612414e-09,+0.0607
9.050501e-10,1.177600e-09,+0.0739
4.423558e-10,6.306000e-10,+0.0656
2.692082e-10,4.384552e-10,+0.0769
1.820719e-10,3.349253e-10,+0.0858
1.295976e-10,2.743769e-10,+0.1038
9.620055e-11,2.300178e-10,+0.1156
7.515220e-11,1.977597e-10,+0.1211
6.000930e-11,1.696416e-10,+0.1177
4.890139e-11,1.459436e-10,+0.1087
4.086092e-11,1.287911e-10,+0.1029
3.444179e-11,1.157673e-10,+0.1022
2.873165e-11,1.059341e-10,+0.1112
2.492630e-11,9.835232e-11,+0.1158
2.192683e-11,9.172661e-11,+0.1184
1.905900e-11,8.549173e-11,+0.1235
1.688912e-11,8.048463e-11,+0.1277
1.504745e-11,7.599265e-11,+0.1317
8.221856e-12,4.127053e-11,+0.0146
1.026734e-11,1.296335e-11,-0.5422
6.950900e-12,7.316055e-12,-0.6964
4.596525e-12,4.958497e-12,-0.7672
3.363752e-12,3.614370e-12,-0.8314
2.738706e-12,2.989798e-12,-0.8661
1.128053e-11,3.014707e-11,-0.1987
1.059592e-11,5.311867e-11,+0.0627
6.888074e-12,4.868709e-11,+0.1289
5.395508e-12,4.315088e-11,+0.1346
4.657601e-12,3.678330e-11,+0.1000
4.519927e-12,3.065274e-11,+0.0279
4.402500e-12,2.925272e-11,+0.0138
4.235128e-12,2.749879e-11,-0.0040
4.024395e-12,2.492795e-11,-0.0346
3.864898e-12,2.266894e-11,-0.0664
3.581148e-12,2.052109e-11,-0.0918
3.456465e-12,1.933076e-11,-0.1095
3.109563e-12,1.779667e-11,-0.1208
2.627188e-12,1.648329e-11,-0.1151
2.331575e-12,1.442731e-11,-0.1454
2.130154e-12,1.325354e-11,-0.1615
1.913695e-12,1.325799e-11,-0.1368
1.680561e-12,1.289199e-11,-0.1192
1.484121e-12,1.257368e-11,-0.1018
1.298517e-12,1.105791e-11,-0.1272
1.151739e-12,1.101579e-11,-0.1016
1.037454e-12,9.420802e-12,-0.1459
1.259170e-11,4.673013e-11,-0.0353
1.529353e-11,4.408024e-11,-0.1089
1.522521e-11,6.202835e-11,+0.0405
1.457334e-11,5.866572e-11,+0.0272
1.354084e-11,6.637068e-11,+0.0991
1.253013e-11,7.163042e-11,+0.1514
9.375540e-12,3.831018e-11,-0.0495
7.742565e-12,2.854040e-11,-0.1311
5.348611e-12,2.283084e-11,-0.1398
9.526282e-12,3.495893e-11,-0.0931
6.972528e-12,3.433291e-11,-0.0257
5.039921e-12,2.797940e-11,-0.0374
3.086711e-12,2.079455e-11,-0.0515
1.111693e-12,3.120242e-11,+0.3585
1.725024e-12,3.561537e-11,+0.3161
1.618349e-12,3.015399e-11,+0.2584
2.575669e-12,2.872378e-11,+0.1307
2.595455e-12,2.624293e-11,+0.0897
2.641463e-12,2.489192e-11,+0.0627
3.318793e-12,2.356172e-11,-0.0141
4.491992e-12,2.275763e-11,-0.1000
4.903021e-12,2.131840e-11,-0.1490
4.670083e-12,1.952297e-11,-0.1757
4.481072e-12,1.765058e-11,-0.2098
4.040896e-12,1.622223e-11,-0.2221
5.831757e-12,1.298322e-11,-0.4054
5.804092e-12,2.069504e-11,-0.2018
5.142568e-12,2.135420e-11,-0.1595
3.501572e-12,1.973927e-11,-0.1035
2.536739e-12,1.782224e-11,-0.0731
9.580721e-12,1.628854e-11,-0.4261
1.237394e-11,4.232510e-11,-0.0740
1.004726e-11,6.491665e-11,+0.1628
9.367235e-12,6.519951e-11,+0.1817
8.419462e-12,5.179677e-11,+0.1076
7.511445e-12,3.997811e-11,+0.0226
5.847328e-12,2.901539e-11,-0.0568
5.536856e-12,2.786613e-11,-0.0614
3.645422e-12,1.384858e-11,-0.2668
2.511239e-12,1.074076e-11,-0.2907
1.823189e-12,9.409189e-12,-0.2746
1.431908e-11,8.053683e-13,-1.8308
5.709895e-12,2.802775e-12,-1.0662
1.284230e-12,5.069574e-12,-0.4634
2.323298e-12,7.261693e-12,-0.4427
3.018369e-12,9.470522e-12,-0.3879
3.567430e-12,1.141363e-11,-0.3457
3.994768e-12,1.322358e-11,-0.3082
4.310390e-12,1.516786e-11,-0.2665
3.570101e-12,1.737444e-11,-0.1634
3.660693e-12,1.905587e-11,-0.1291
4.145914e-12,2.009993e-11,-0.1351
4.451799e-12,2.204377e-11,-0.1117
4.833440e-12,2.360958e-11,-0.1013
5.010575e-12,2.492423e-11,-0.0862
5.230039e-12,2.599670e-11,-0.0781
5.321610e-12,2.684326e-11,-0.0682
5.327426e-12,2.793570e-11,-0.0512
5.305182e-12,2.844428e-11,-0.0423
5.246041e-12,2.853849e-11,-0.0383
5.023294e-12,2.965239e-11,-0.0114
4.877517e-12,2.741352e-11,-0.0385
4.415223e-12,2.559605e-11,-0.0449
3.857265e-12,2.376930e-11,-0.0454
3.867659e-12,2.231323e-11,-0.0734
3.797841e-12,2.102666e-11,-0.0950
6.581192e-12,9.722694e-12,-0.5598
1.205889e-11,1.682618e-11,-0.4683
1.154252e-11,2.018348e-11,-0.3785
9.623081e-12,2.454001e-11,-0.2492
8.979994e-12,2.964211e-11,-0.1504
1.011912e-11,9.999352e-11,+0.3486
1.134014e-11,8.030736e-11,+0.2256
1.087451e-11,6.919800e-11,+0.1712
9.989068e-12,5.458993e-11,+0.0889
7.975450e-12,4.460458e-11,+0.0557
7.025186e-12,3.922853e-11,+0.0304
6.195463e-12,3.543873e-11,+0.0163
4.871679e-12,3.224831e-11,+0.0323
5.516228e-11,1.851184e-11,-0.8211
6.880085e-11,1.851152e-11,-0.8826
6.787689e-11,1.706741e-11,-0.9141
5.075607e-11,1.755812e-11,-0.8212
4.115270e-11,1.966071e-11,-0.7153
3.504145e-11,2.058674e-11,-0.6524
2.905681e-11,2.595928e-11,-0.5025
2.424084e-11,2.992271e-11,-0.3938
1.779989e-10,4.638523e-10,+0.2343
1.765153e-10,4.583138e-10,+0.2317
1.731207e-10,4.473934e-10,+0.2273
1.121893e-10,2.896444e-10,+0.1705
7.758106e-11,2.137318e-10,+0.1458
5.706588e-11,1.814217e-10,+0.1608
4.394080e-11,1.577250e-10,+0.1714
3.272069e-11,1.316611e-10,+0.1716
2.501347e-11,1.068393e-10,+0.1508
1.982033e-11,8.730973e-11,+0.1227
1.601719e-11,7.369365e-11,+0.1027
1.329031e-11,6.464152e-11,+0.0922
1.133949e-11,5.854650e-11,+0.0883
9.656628e-12,5.371040e-11,+0.0901
8.332688e-12,5.018034e-11,+0.0963
7.203932e-12,4.740664e-11,+0.1066
6.257020e-12,4.470816e-11,+0.1149
7.548296e-10,1.773361e-09,+0.3205
3.764885e-10,6.277087e-10,+0.1197
1.890978e-10,3.114167e-10,+0.0423
8.928936e-11,1.741071e-10,+0.0163
5.704834e-11,1.322308e-10,+0.0235
4.695371e-11,1.142713e-10,+0.0135
3.879072e-11,9.528226e-11,-0.0140
3.157065e-11,8.138221e-11,-0.0280
2.638392e-11,7.238611e-11,-0.0320
2.301263e-11,6.566418e-11,-0.0392
2.019272e-11,6.014419e-11,-0.0439
1.688763e-11,5.712343e-11,-0.0212
1.541073e-11,5.449020e-11,-0.0188
1.452792e-11,5.272849e-11,-0.0183
1.331662e-11,4.922889e-11,-0.0266
1.182705e-11,4.616491e-11,-0.0252
1.061864e-11,4.346656e-11,-0.0249
9.869445e-12,4.100186e-11,-0.0325
8.994405e-12,3.885407e-11,-0.0333
6.750256e-10,2.933234e-09,+0.5807
8.127562e-10,1.682390e-09,+0.2698
7.131781e-10,1.226962e-09,+0.1818
6.474724e-10,9.748763e-10,+0.1177
6.082738e-10,8.065959e-10,+0.0584
5.694672e-10,6.715550e-10,+0.0028
5.111250e-10,5.654994e-10,-0.0329
4.377592e-10,4.874381e-10,-0.0425
4.096996e-10,4.508433e-10,-0.0533
3.867759e-10,4.251035e-10,-0.0588
3.400668e-10,3.753058e-10,-0.0689
2.996097e-10,3.378986e-10,-0.0718
2.643705e-10,3.067405e-10,-0.0723
2.339550e-10,2.831450e-10,-0.0671
2.080078e-10,2.654917e-10,-0.0573
1.848214e-10,2.502039e-10,-0.0456
1.654652e-10,2.368379e-10,-0.0348
1.499789e-10,2.275754e-10,-0.0218
1.477066e-10,2.254217e-10,-0.0213
1.369334e-10,2.190264e-10,-0.0107
1.255573e-10,2.111147e-10,-0.0005
1.162260e-10,2.027117e-10,+0.0050
1.074589e-10,1.945955e-10,+0.0105
1.002794e-10,1.874741e-10,+0.0147
9.375109e-11,1.809796e-10,+0.0190
8.784191e-11,1.734388e-10,+0.0194
8.280397e-11,1.665013e-10,+0.0187
7.928063e-11,1.617791e-10,+0.0186
7.803795e-11,1.600974e-10,+0.0186
7.374337e-11,1.527567e-10,+0.0143
6.941260e-11,1.467346e-10,+0.0140
6.657220e-11,1.411771e-10,+0.0090
6.300744e-11,1.347158e-10,+0.0040
5.242733e-11,1.149586e-10,-0.0140
5.073705e-11,1.111569e-10,-0.0196
3.921551e-11,8.925564e-11,-0.0453
3.203512e-11,7.863724e-11,-0.0467
2.730078e-11,6.766212e-11,-0.0702
2.268879e-11,5.639989e-11,-0.1016
1.854098e-11,4.363718e-11,-0.1616
1.503316e-11,3.496686e-11,-0.2052
1.264007e-11,3.074958e-11,-0.2180
1.080584e-11,2.793958e-11,-0.2212
1.193339e-09,1.921444e-08,+1.1790
2.322077e-09,1.017235e-08,+0.6325
2.665602e-09,6.651153e-09,+0.3902
2.502704e-09,5.086176e-09,+0.3002
2.227887e-09,4.056522e-09,+0.2504
2.014740e-09,3.420205e-09,+0.2179
1.826349e-09,2.907174e-09,+0.1877
1.668174e-09,2.527977e-09,+0.1640
1.551251e-09,2.284901e-09,+0.1495
1.434910e-09,2.045784e-09,+0.1329
1.336479e-09,1.867903e-09,+0.1218
1.268634e-09,1.737580e-09,+0.1112
1.204718e-09,1.612349e-09,+0.0991
1.146130e-09,1.504143e-09,+0.0886
1.093579e-09,1.411085e-09,+0.0792
1.044829e-09,1.330213e-09,+0.0714
1.003264e-09,1.257324e-09,+0.0627
9.585748e-10,1.194292e-09,+0.0580
9.210126e-10,1.145200e-09,+0.0551
8.808890e-10,1.094339e-09,+0.0524
8.475261e-10,1.054398e-09,+0.0510
8.120264e-10,1.012505e-09,+0.0496
7.788206e-10,9.744527e-10,+0.0487
7.480139e-10,9.474279e-10,+0.0517
7.225463e-10,9.196059e-10,+0.0517
6.988372e-10,8.938092e-10,+0.0518
6.741753e-10,8.660780e-10,+0.0514
6.539724e-10,8.507119e-10,+0.0549
6.331870e-10,8.265099e-10,+0.0542
6.146239e-10,8.040215e-10,+0.0532
5.983333e-10,7.830734e-10,+0.0515
5.854926e-10,7.723133e-10,+0.0534
5.740791e-10,7.563557e-10,+0.0515
5.627669e-10,7.444970e-10,+0.0519
5.534167e-10,7.302503e-10,+0.0495
5.434238e-10,7.199302e-10,+0.0499
5.334506e-10,7.049051e-10,+0.0474
5.235481e-10,6.907269e-10,+0.0453
5.147850e-10,6.844863e-10,+0.0475
5.059716e-10,6.735575e-10,+0.0466
4.260753e-10,6.035042e-10,+0.0597
4.190851e-10,6.007409e-10,+0.0635
4.112147e-10,5.925774e-10,+0.0642
4.037220e-10,5.888823e-10,+0.0678
3.779537e-10,5.678074e-10,+0.0748
3.492122e-10,5.408420e-10,+0.0808
3.452327e-10,5.409625e-10,+0.0848
3.400466e-10,5.355394e-10,+0.0856
3.348294e-10,5.303055e-10,+0.0866
3.300869e-10,5.261930e-10,+0.0880
3.243888e-10,5.212873e-10,+0.0898
3.192548e-10,5.165461e-10,+0.0912
3.061871e-10,5.057523e-10,+0.0961
2.967557e-10,4.942362e-10,+0.0966
2.922617e-10,4.903207e-10,+0.0982
2.879667e-10,4.865261e-10,+0.0998
2.838804e-10,4.828475e-10,+0.1012
2.804093e-10,4.769320e-10,+0.1000
2.771659e-10,4.742044e-10,+0.1013
2.738080e-10,4.708480e-10,+0.1023
2.707545e-10,4.646070e-10,+0.1002
2.675381e-10,4.621450e-10,+0.1018
2.645703e-10,4.561690e-10,+0.0998
2.615822e-10,4.532277e-10,+0.1008
2.563409e-10,4.466167e-10,+0.1010
2.490799e-10,4.379011e-10,+0.1019
2.457069e-10,4.332114e-10,+0.1016
2.247920e-10,4.101604e-10,+0.1067
2.216831e-10,4.055918e-10,+0.1064
2.189317e-10,4.016154e-10,+0.1061
2.163527e-10,3.997364e-10,+0.1079
2.138209e-10,3.954227e-10,+0.1069
2.121349e-10,3.925983e-10,+0.1064
1.799913e-10,3.438817e-10,+0.1009
1.534214e-10,3.015373e-10,+0.0934
1.357598e-10,2.624527e-10,+0.0705
1.202500e-10,2.325500e-10,+0.0545
1.043211e-10,2.063319e-10,+0.0447
8.814290e-11,1.841280e-10,+0.0444
7.477214e-11,1.687119e-10,+0.0535
6.547524e-11,1.553622e-10,+0.0552
5.783301e-11,1.456672e-10,+0.0618
5.125259e-11,1.371111e-10,+0.0687
4.566421e-11,1.276894e-10,+0.0693
4.088467e-11,1.193291e-10,+0.0696
3.665929e-11,1.110390e-10,+0.0675
3.290330e-11,1.028324e-10,+0.0628
2.968102e-11,9.540986e-11,+0.0573
2.695363e-11,8.928311e-11,+0.0535
2.461126e-11,8.371934e-11,+0.0491
2.256824e-11,7.920278e-11,+0.0473
2.083044e-11,7.560035e-11,+0.0475
1.945922e-11,7.197404e-11,+0.0434
1.810379e-11,6.886147e-11,+0.0425
1.686414e-11,6.598645e-11,+0.0418
1.571934e-11,6.330517e-11,+0.0414
1.468306e-11,6.079885e-11,+0.0409
1.375884e-11,5.889640e-11,+0.0432
1.293206e-11,5.709497e-11,+0.0451
1.221654e-11,5.541406e-11,+0.0461
1.155504e-11,5.382929e-11,+0.0472
1.092396e-11,5.233265e-11,+0.0487
1.033490e-11,5.014843e-11,+0.0438
9.814027e-12,4.807441e-11,+0.0380
9.343891e-12,4.612308e-11,+0.0320
8.890760e-12,4.462136e-11,+0.0296
8.462207e-12,4.387181e-11,+0.0342
8.072142e-12,4.349317e-11,+0.0419
7.709948e-12,4.345867e-11,+0.0526
7.354642e-12,4.311900e-11,+0.0605
7.015809e-12,4.247924e-11,+0.0653
6.705900e-12,4.155544e-11,+0.0666
6.157623e-12,3.862796e-11,+0.0552
5.644002e-12,3.736620e-11,+0.0615
5.205246e-12,3.842989e-11,+0.0928
4.952261e-10,1.325122e-09,+0.3482
6.296187e-10,8.626892e-10,+0.0749
5.400704e-10,7.010965e-10,+0.0406
3.840358e-10,5.746862e-10,+0.0745
3.446937e-10,5.543460e-10,+0.0959
2.019632e-10,4.567867e-10,+0.1878
1.852076e-10,4.428610e-10,+0.2018
1.738503e-10,4.290075e-10,+0.2078
1.659634e-10,4.127065e-10,+0.2054
1.628418e-10,3.988550e-10,+0.1965
1.608353e-10,3.836309e-10,+0.1834
1.578994e-10,3.711286e-10,+0.1747
1.537501e-10,3.570439e-10,+0.1661
1.492683e-10,3.408966e-10,+0.1551
1.466167e-10,3.269876e-10,+0.1425
1.444581e-10,3.138448e-10,+0.1293
1.419955e-10,2.993915e-10,+0.1140
1.394503e-10,2.862107e-10,+0.1000
1.358981e-10,2.722430e-10,+0.0861
1.317672e-10,2.612115e-10,+0.0775
1.272661e-10,2.489162e-10,+0.0670
1.258729e-10,2.440864e-10,+0.0618
1.225865e-10,2.378697e-10,+0.0586
1.135168e-10,2.156234e-10,+0.0388
1.093703e-10,2.050042e-10,+0.0279
1.053751e-10,1.968078e-10,+0.0212
1.011454e-10,1.872453e-10,+0.0116
9.715662e-11,1.782984e-10,+0.0021
8.927503e-11,1.633455e-10,-0.0113
6.191479e-11,1.248561e-10,-0.0241
4.445886e-11,1.075806e-10,+0.0021
4.389661e-11,1.068478e-10,+0.0025
4.122332e-11,1.041327e-10,+0.0083
3.988244e-11,1.021173e-10,+0.0087
3.903942e-11,1.007522e-10,+0.0085
3.780315e-11,9.880259e-11,+0.0086
3.665271e-11,9.698637e-11,+0.0088
3.593465e-11,9.575424e-11,+0.0085
3.489021e-11,9.399154e-11,+0.0082
3.459367e-11,9.343669e-11,+0.0079
2.776946e-11,7.938849e-11,-0.0052
2.305932e-11,6.945370e-11,-0.0153
1.900289e-11,6.182581e-11,-0.0166
1.583567e-11,5.457195e-11,-0.0249
1.330603e-11,4.824778e-11,-0.0351
1.120011e-11,4.491099e-11,-0.0238
8.237053e-12,4.316251e-11,+0.0337
6.584383e-12,3.917397e-11,+0.0453
4.073675e-09,3.531086e-09,-0.0646
2.950042e-09,2.563889e-09,-0.0665
2.232693e-09,1.981330e-09,-0.0617
1.752605e-09,1.598656e-09,-0.0551
1.424743e-09,1.326515e-09,-0.0524
1.187239e-09,1.147296e-09,-0.0429
1.015210e-09,1.004512e-09,-0.0394
7.959034e-10,8.330618e-10,-0.0275
7.192938e-10,7.683580e-10,-0.0247
6.578926e-10,7.194478e-10,-0.0201
6.076314e-10,6.710815e-10,-0.0211
5.043220e-10,5.673181e-10,-0.0267
4.893654e-10,5.534327e-10,-0.0268
4.570742e-10,5.193794e-10,-0.0302
2.838185e-10,3.266013e-10,-0.0685
1.719050e-10,2.104160e-10,-0.0981
1.209666e-10,1.680909e-10,-0.0883
9.208428e-11,1.521564e-10,-0.0511
7.528541e-11,1.386098e-10,-0.0338
6.009718e-11,1.210658e-10,-0.0292
4.951582e-11,1.046601e-10,-0.0391
4.230315e-11,9.621636e-11,-0.0330
3.635347e-11,8.614710e-11,-0.0405
3.123647e-11,7.598719e-11,-0.0550
2.673254e-11,6.815804e-11,-0.0616
2.287730e-11,6.270904e-11,-0.0576
1.946614e-11,5.710670e-11,-0.0571
1.579685e-11,5.104332e-11,-0.0533
1.301846e-11,4.725260e-11,-0.0387
9.328900e-12,4.129829e-11,-0.0156
3.029837e-10,9.305211e-10,+0.3644
4.326019e-10,5.880084e-10,+0.0431
4.251387e-10,4.697228e-10,-0.0484
3.796412e-10,3.611724e-10,-0.1232
3.270521e-10,2.866079e-10,-0.1727
2.879175e-10,2.236121e-10,-0.2378
2.634828e-10,1.856665e-10,-0.2892
2.409386e-10,1.576561e-10,-0.3310
2.253796e-10,1.395589e-10,-0.3623
2.088749e-10,1.268511e-10,-0.3794
1.922215e-10,1.168411e-10,-0.3886
1.776386e-10,1.103487e-10,-0.3886
1.624895e-10,1.053607e-10,-0.3810
1.494471e-10,1.020423e-10,-0.3691
1.399073e-10,1.007176e-10,-0.3546
1.295538e-10,9.934794e-11,-0.3372
1.207605e-10,9.904351e-11,-0.3175
1.122522e-10,9.868007e-11,-0.2973
1.050160e-10,9.850054e-11,-0.2784
9.971221e-11,9.890617e-11,-0.2614
9.521107e-11,9.917374e-11,-0.2467
9.077291e-11,9.913678e-11,-0.2330
8.691107e-11,9.914605e-11,-0.2204
8.265452e-11,9.844780e-11,-0.2090
7.887714e-11,9.758346e-11,-0.1995
7.495248e-11,9.629623e-11,-0.1907
7.149879e-11,9.505210e-11,-0.1830
6.824453e-11,9.352831e-11,-0.1768
4.155575e-11,6.801830e-11,-0.1788
3.933828e-11,6.488152e-11,-0.1847
2.689942e-11,5.035930e-11,-0.1946
1.966666e-11,4.744931e-11,-0.1402
1.628397e-11,4.570297e-11,-0.1089
1.597649e-11,4.507258e-11,-0.1102
1.568488e-11,4.445935e-11,-0.1115
1.519097e-11,4.421855e-11,-0.1059
1.513639e-11,4.412083e-11,-0.1059
1.242868e-11,3.860593e-11,-0.1151
1.046260e-11,3.368023e-11,-0.1321
8.912712e-12,3.101389e-11,-0.1289
7.663855e-12,2.990343e-11,-0.1083
6.660591e-12,2.905747e-11,-0.0872
5.861347e-12,2.796069e-11,-0.0734
5.190371e-12,2.706246e-11,-0.0588
4.634567e-12,2.645795e-11,-0.0419
3.513321e-12,2.174299e-11,-0.0622
2.751817e-12,1.841458e-11,-0.0777
2.377812e-12,6.331719e-12,-0.5076
4.965355e-12,1.829947e-11,-0.2183
7.933603e-12,2.796256e-11,-0.1458
1.013831e-11,3.442585e-11,-0.1149
1.082965e-11,3.103763e-11,-0.1760
1.037484e-11,3.062535e-11,-0.1713
1.003412e-11,2.953139e-11,-0.1790
8.807119e-12,2.894762e-11,-0.1560
7.497434e-12,2.804991e-11,-0.1309
6.418570e-12,2.562243e-11,-0.1330
5.952914e-12,2.695774e-11,-0.0930
5.791316e-12,2.570346e-11,-0.1071
5.753749e-12,2.700964e-11,-0.0841
5.633127e-12,2.914947e-11,-0.0459
5.384446e-12,3.351766e-11,+0.0254
5.209565e-12,3.441887e-11,+0.0448
4.766873e-12,3.605032e-11,+0.0858
4.103653e-12,3.818987e-11,+0.1461
4.501788e-12,4.043048e-11,+0.1491
5.481132e-12,4.114463e-11,+0.1102
6.827692e-12,4.102888e-11,+0.0567
7.585958e-12,4.118796e-11,+0.0332
1.001680e-11,4.145742e-11,-0.0313
1.054896e-11,4.149606e-11,-0.0435
1.003583e-11,4.171729e-11,-0.0290
2.836679e-12,1.302641e-12,-1.2350
6.348443e-12,7.145866e-12,-0.6849
7.920362e-12,1.323309e-11,-0.4703
1.072024e-11,1.669929e-11,-0.4427
1.253467e-11,2.268761e-11,-0.3480
1.141320e-11,2.571540e-11,-0.2706
1.012050e-11,2.386375e-11,-0.2736
8.373739e-12,2.243200e-11,-0.2545
7.982493e-12,1.817347e-11,-0.3344
8.222834e-12,1.572619e-11,-0.4044
9.101411e-12,1.255546e-11,-0.5267
9.609895e-12,1.158317e-11,-0.5749
9.563211e-12,1.092382e-11,-0.5992
9.603071e-12,9.513696e-12,-0.6602
9.228508e-12,7.808928e-12,-0.7363
8.829033e-12,8.410567e-12,-0.6934
8.360216e-12,8.588459e-12,-0.6711
7.964947e-12,8.833282e-12,-0.6472
7.709937e-12,8.465982e-12,-0.6578
7.404772e-12,7.998857e-12,-0.6728
6.967076e-12,7.361866e-12,-0.6942
6.483919e-12,6.393447e-12,-0.7383
1.056057e-11,7.896750e-11,+0.2357
1.307012e-11,1.092526e-10,+0.3243
1.607591e-11,1.088900e-10,+0.2714
1.742358e-11,9.138803e-11,+0.1751
1.703812e-11,7.538249e-11,+0.0971
1.493255e-11,6.489679e-11,+0.0650
1.284113e-11,5.695042e-11,+0.0457
1.095319e-11,4.853742e-11,+0.0154
3.971931e-12,1.057787e-11,-0.4038
8.057977e-12,1.575007e-11,-0.3989
8.304408e-12,2.424814e-11,-0.2187
7.677146e-12,2.459790e-11,-0.1936
6.866644e-12,1.920658e-11,-0.2743
5.979464e-12,1.909533e-11,-0.2438
5.343992e-12,1.822508e-11,-0.2374
4.789725e-12,1.568526e-11,-0.2767
1.655412e-11,2.407419e-11,-0.3914
1.177736e-11,3.621829e-11,-0.1296
1.081098e-11,3.856855e-11,-0.0813
1.099447e-11,3.431809e-11,-0.1361
9.565950e-12,3.187771e-11,-0.1342
8.443068e-12,2.963870e-11,-0.1355
7.161098e-12,2.696309e-11,-0.1370
6.845121e-12,2.391789e-11,-0.1783
6.298624e-12,2.187110e-11,-0.1972
5.569625e-12,8.735499e-12,-0.5666
6.943424e-12,1.471857e-11,-0.3925
7.736863e-12,1.957682e-11,-0.2946
7.152402e-12,1.999914e-11,-0.2665
5.885447e-12,1.999146e-11,-0.2201
5.258810e-12,1.980724e-11,-0.1974
4.754945e-12,1.968659e-11,-0.1763
3.277787e-12,1.700344e-11,-0.1529
2.793831e-12,1.519688e-11,-0.1646
2.586688e-12,1.426389e-11,-0.1743
2.102240e-12,1.112438e-11,-0.2345
2.814090e-09,1.341773e-08,+0.6722
3.175954e-09,7.037496e-09,+0.3409
2.774129e-09,4.669758e-09,+0.2199
2.330992e-09,3.509230e-09,+0.1687
1.997622e-09,2.865034e-09,+0.1445
1.694469e-09,2.395132e-09,+0.1342
1.464615e-09,2.062577e-09,+0.1282
1.309897e-09,1.832824e-09,+0.1216
1.167325e-09,1.637434e-09,+0.1183
1.041194e-09,1.469823e-09,+0.1161
9.569565e-10,1.354146e-09,+0.1132
8.766218e-10,1.248629e-09,+0.1116
8.039587e-10,1.150252e-09,+0.1088
7.457491e-10,1.081149e-09,+0.1102
6.915843e-10,1.015482e-09,+0.1111
6.453281e-10,9.504514e-10,+0.1079
6.057384e-10,8.932483e-10,+0.1042
5.749768e-10,8.531858e-10,+0.1033
5.464787e-10,8.071633e-10,+0.0976
5.222020e-10,7.721164e-10,+0.0946
5.019179e-10,7.372841e-10,+0.0888
4.821212e-10,7.029304e-10,+0.0824
4.634782e-10,6.771071e-10,+0.0801
4.473622e-10,6.503792e-10,+0.0751
4.305772e-10,6.237075e-10,+0.0703
4.145145e-10,5.991372e-10,+0.0662
4.001883e-10,5.781148e-10,+0.0629
3.852825e-10,5.614632e-10,+0.0633
3.720853e-10,5.416289e-10,+0.0597
3.601727e-10,5.245248e-10,+0.0569
3.474403e-10,5.071742e-10,+0.0546
3.353300e-10,4.909346e-10,+0.0525
3.243639e-10,4.768408e-10,+0.0511
3.129367e-10,4.624581e-10,+0.0499
3.021098e-10,4.489177e-10,+0.0488
2.924642e-10,4.371040e-10,+0.0481
2.824092e-10,4.249881e-10,+0.0475
2.729104e-10,4.135258e-10,+0.0470
2.644867e-10,4.034807e-10,+0.0466
2.610814e-10,3.994378e-10,+0.0465
2.557422e-10,3.931350e-10,+0.0464
2.473603e-10,3.833066e-10,+0.0463
2.324333e-10,3.627803e-10,+0.0426
2.249945e-10,3.543284e-10,+0.0429
2.184171e-10,3.468689e-10,+0.0432
2.113131e-10,3.391342e-10,+0.0440
1.820340e-10,3.055877e-10,+0.0461
1.775350e-10,2.975987e-10,+0.0424
1.750599e-10,2.944708e-10,+0.0422
1.729198e-10,2.918416e-10,+0.0422
1.686555e-10,2.863030e-10,+0.0416
1.649659e-10,2.813739e-10,+0.0409
1.611885e-10,2.762219e-10,+0.0401
1.576559e-10,2.712553e-10,+0.0391
1.325423e-10,2.357182e-10,+0.0311
1.021817e-10,1.945264e-10,+0.0252
8.267262e-11,1.675507e-10,+0.0219
6.419811e-11,1.469046e-10,+0.0364
5.169103e-11,1.298574e-10,+0.0428
4.281573e-11,1.171140e-10,+0.0491
3.627954e-11,1.060667e-10,+0.0504
3.190774e-11,9.740930e-11,+0.0473
2.813432e-11,9.005850e-11,+0.0461
2.498297e-11,8.270109e-11,+0.0399
2.016502e-11,7.167168e-11,+0.0326
1.646225e-11,6.180808e-11,+0.0195
1.345028e-11,5.189975e-11,-0.0061
1.123165e-11,4.237456e-11,-0.0497
9.502823e-12,3.578301e-11,-0.0824
8.162326e-12,3.300631e-11,-0.0806
7.256218e-12,3.120903e-11,-0.0767
6.578449e-12,2.945309e-11,-0.0783
5.819657e-12,2.890105e-11,-0.0574
8.761865e-12,2.002835e-11,-0.3147
1.298413e-11,2.831900e-11,-0.2604
1.268945e-11,3.345092e-11,-0.1824
1.143623e-11,3.173622e-11,-0.1797
9.965209e-12,3.057151e-11,-0.1623
8.944816e-12,2.972632e-11,-0.1482
7.799848e-12,4.822504e-11,+0.0950
6.827608e-12,3.782013e-11,+0.0214
5.102180e-12,3.178355e-11,+0.0151
4.220850e-12,2.763998e-11,-0.0009
3.898313e-12,2.560462e-11,-0.0155
3.723863e-12,2.431215e-11,-0.0273
3.735803e-12,2.304339e-11,-0.0513
3.662987e-12,2.119537e-11,-0.0831
3.446005e-12,1.868646e-11,-0.1235
3.123843e-12,1.647410e-11,-0.1554
2.716474e-12,1.514911e-11,-0.1595
2.308322e-12,1.461900e-11,-0.1374
5.033662e-11,9.803286e-11,-0.0720
6.391888e-11,1.779115e-10,+0.1208
6.097781e-11,1.618045e-10,+0.0927
5.203290e-11,1.584498e-10,+0.1274
4.291756e-11,1.272681e-10,+0.0846
3.576748e-11,1.170613e-10,+0.0970
3.184617e-11,1.273268e-10,+0.1641
2.768905e-11,1.401197e-10,+0.2423
2.498800e-11,1.396584e-10,+0.2674
2.289449e-11,1.280542e-10,+0.2522
2.007244e-11,1.169889e-10,+0.2465
1.617237e-11,1.060414e-10,+0.2583
1.284913e-11,9.708454e-11,+0.2772
9.888088e-12,8.042366e-11,+0.2597
8.294788e-12,6.469670e-11,+0.2078
6.797415e-12,5.531952e-11,+0.1876
5.820812e-12,4.905445e-11,+0.1723
5.304337e-12,4.402527e-11,+0.1474
5.147280e-12,4.019878e-11,+0.1150
4.951666e-12,3.693070e-11,+0.0873
4.495305e-12,3.416597e-11,+0.0763
4.075492e-12,3.212482e-11,+0.0726
3.734655e-12,3.038930e-11,+0.0689
9.619033e-13,1.004634e-12,-1.1010
3.548089e-12,5.434108e-12,-0.6667
3.702462e-12,1.008235e-11,-0.4082
3.795956e-12,1.253737e-11,-0.3194
3.455581e-12,1.506246e-11,-0.2178
3.559864e-12,1.667470e-11,-0.1806
4.333557e-12,1.857174e-11,-0.1798
4.498488e-12,1.912132e-11,-0.1759
4.622461e-12,1.851513e-11,-0.1963
3.732987e-12,1.707354e-11,-0.1814
2.437670e-12,8.829053e-12,-0.3689
1.978747e-12,4.141888e-11,+0.3503
3.943365e-12,4.349227e-11,+0.2119
4.572641e-12,5.170016e-11,+0.2522
5.079380e-12,5.224819e-11,+0.2320
5.781883e-12,4.584255e-11,+0.1445
6.064754e-12,4.362927e-11,+0.1117
5.951605e-12,3.972656e-11,+0.0755
5.516619e-12,3.325353e-11,+0.0162
4.707161e-12,2.485242e-11,-0.0727
4.008164e-12,2.229148e-11,-0.0822
1.697168e-12,1.126754e-11,-0.1800
2.548943e-12,1.902889e-11,-0.0457
2.671914e-12,2.004459e-11,-0.0340
2.442116e-12,1.936017e-11,-0.0284
3.426879e-12,1.890620e-11,-0.1172
4.495787e-12,1.972314e-11,-0.1623
4.862304e-12,1.983939e-11,-0.1782
5.873414e-12,2.137584e-11,-0.1906
6.821938e-12,2.113369e-11,-0.2312
6.924470e-12,2.217192e-11,-0.2139
6.572013e-12,2.207072e-11,-0.2034
2.119038e-12,1.652843e-11,-0.0644
2.230157e-12,2.191919e-11,+0.0465
2.083057e-12,2.177807e-11,+0.0593
3.007179e-12,1.925503e-11,-0.0789
3.259821e-12,1.839959e-11,-0.1173
2.813645e-12,1.647003e-11,-0.1313
2.788568e-12,1.507998e-11,-0.1675
2.824525e-12,1.438903e-11,-0.1908
2.733704e-11,4.476615e-11,-0.2500
2.614334e-11,6.637479e-11,-0.0673
2.495134e-11,8.017837e-11,+0.0268
2.877387e-11,9.175457e-11,+0.0484
2.674092e-11,9.403462e-11,+0.0781
2.359844e-11,9.658656e-11,+0.1220
2.221768e-11,9.260146e-11,+0.1191
2.027205e-11,8.537648e-11,+0.1072
1.688005e-11,7.718161e-11,+0.1096
1.386391e-11,6.943887e-11,+0.1129
1.182390e-11,6.319943e-11,+0.1113
9.670012e-12,5.585791e-11,+0.1068
8.017234e-12,4.981868e-11,+0.1025
7.015079e-12,4.380366e-11,+0.0787
6.718577e-12,3.942977e-11,+0.0433
8.626788e-12,1.987701e-11,-0.3143
6.286118e-12,3.071345e-11,-0.0493
5.504064e-12,2.586832e-11,-0.0923
4.432135e-12,2.227066e-11,-0.1062
5.525324e-12,1.998000e-11,-0.2054
8.018172e-12,2.291028e-11,-0.2349
1.051883e-11,3.975402e-11,-0.0614
9.575714e-12,4.544818e-11,+0.0196
1.008993e-11,4.485354e-11,+0.0012
9.307227e-12,4.454185e-11,+0.0178
8.723541e-12,4.250344e-11,+0.0131
7.942983e-12,3.751432e-11,-0.0185
7.011010e-12,3.402032e-11,-0.0310
6.166650e-12,3.167998e-11,-0.0313
1.273456e-11,5.474028e-11,+0.0306
1.225250e-11,8.389758e-11,+0.2255
9.545560e-12,6.953116e-11,+0.2050
7.808977e-12,5.679264e-11,+0.1657
7.846381e-12,5.029118e-11,+0.1118
7.394425e-12,4.602207e-11,+0.0875
5.981522e-12,4.325008e-11,+0.1112
5.887212e-12,4.240163e-11,+0.1064
6.115529e-12,4.045455e-11,+0.0769
6.064250e-12,3.614614e-11,+0.0300
6.165557e-12,3.346936e-11,-0.0074
6.213352e-12,3.129516e-11,-0.0384
6.304974e-12,2.915762e-11,-0.0726
5.817176e-12,2.821184e-11,-0.0678
4.736010e-12,2.587685e-11,-0.0566
4.423298e-12,2.356438e-11,-0.0812
4.211075e-12,2.034513e-11,-0.1335
3.173503e-10,3.776133e-10,-0.0428
6.829642e-11,1.044385e-10,-0.1291
5.483868e-11,8.802429e-11,-0.1423
4.924389e-11,8.087896e-11,-0.1496
4.541050e-11,7.568925e-11,-0.1564
4.332196e-11,7.065182e-11,-0.1735
3.705945e-11,6.225706e-11,-0.1867
1.604900e-11,4.840213e-11,-0.0804
1.449845e-11,4.637608e-11,-0.0736
8.873717e-12,3.745131e-11,-0.0460
8.129110e-12,3.589462e-11,-0.0432
6.031343e-12,2.874478e-11,-0.0682
4.001966e-12,2.088052e-11,-0.1103
1.271710e-11,2.131858e-11,-0.3786
1.032520e-11,2.127114e-11,-0.3285
9.857796e-12,1.610803e-11,-0.4379
9.457486e-12,1.265268e-11,-0.5327
8.666472e-12,1.054300e-11,-0.5908
8.829688e-12,8.799168e-12,-0.6738
8.755712e-12,7.540510e-12,-0.7388
8.918858e-13,2.635666e-11,+0.3350
1.118634e-12,3.805169e-11,+0.4433
2.203924e-12,4.034182e-11,+0.3141
3.691756e-12,4.446771e-11,+0.2369
3.755254e-12,4.431225e-11,+0.2314
4.345385e-12,4.027746e-11,+0.1558
4.136631e-12,3.742516e-11,+0.1354
4.248797e-12,3.354507e-11,+0.0816
3.658923e-12,3.032063e-11,+0.0727
1.452867e-09,5.185209e-09,+0.5318
1.729847e-09,3.172801e-09,+0.2479
1.363155e-09,2.142867e-09,+0.1736
1.097726e-09,1.615392e-09,+0.1365
5.528582e-10,8.257446e-10,+0.1033
4.854998e-10,7.433539e-10,+0.1042
4.316892e-10,6.772779e-10,+0.1052
1.646815e-10,3.696901e-10,+0.1600
1.582391e-10,3.569747e-10,+0.1572
1.527960e-10,3.495295e-10,+0.1588
1.483675e-10,3.386667e-10,+0.1541
1.474940e-10,3.354867e-10,+0.1519
1.450982e-10,3.294102e-10,+0.1489
1.427152e-10,3.238543e-10,+0.1466
1.412346e-10,3.151033e-10,+0.1379
1.400226e-10,3.082385e-10,+0.1309
1.383531e-10,2.984142e-10,+0.1205
1.359366e-10,2.918932e-10,+0.1163
1.329642e-10,2.852410e-10,+0.1130
1.296965e-10,2.769582e-10,+0.1077
1.257118e-10,2.711508e-10,+0.1079
1.218931e-10,2.637220e-10,+0.1051
1.181565e-10,2.590498e-10,+0.1066
1.149018e-10,2.527315e-10,+0.1042
1.083680e-10,2.398609e-10,+0.0989
1.052350e-10,2.340812e-10,+0.0969
1.018985e-10,2.303268e-10,+0.0994
9.639296e-11,2.209191e-10,+0.0975
9.579500e-11,2.199896e-10,+0.0975
6.969633e-11,1.840993e-10,+0.1113
4.778838e-11,1.539055e-10,+0.1380
3.954969e-11,1.405066e-10,+0.1495
3.898454e-11,1.392293e-10,+0.1494
3.781331e-11,1.366322e-10,+0.1493
3.571783e-11,1.329800e-10,+0.1527
2.762878e-11,1.128382e-10,+0.1488
2.173494e-11,9.691150e-11,+0.1445
1.741104e-11,8.607636e-11,+0.1492
1.421911e-11,7.851100e-11,+0.1599
1.182409e-11,7.130355e-11,+0.1637
9.849387e-12,6.359334e-11,+0.1587
8.271316e-12,5.556049e-11,+0.1423
7.074693e-12,5.015197e-11,+0.1354
6.127285e-12,4.854150e-11,+0.1556
5.411024e-12,4.237348e-11,+0.1261
4.337553e-09,4.849251e-09,+0.0463
5.247347e-09,5.842002e-09,+0.0453
4.454555e-09,5.880027e-09,+0.1186
3.583437e-09,5.101363e-09,+0.1499
2.907115e-09,4.184200e-09,+0.1524
2.419176e-09,3.352174e-09,+0.1333
2.042870e-09,2.762686e-09,+0.1195
1.773594e-09,2.366579e-09,+0.1104
1.561080e-09,2.066746e-09,+0.1034
1.396208e-09,1.856569e-09,+0.1017
1.258773e-09,1.672255e-09,+0.0976
1.144107e-09,1.507385e-09,+0.0902
1.050843e-09,1.366540e-09,+0.0809
9.568307e-10,1.162299e-09,+0.0469
8.174485e-10,8.913622e-10,-0.0083
7.552995e-10,7.803611e-10,-0.0362
6.994346e-10,7.033049e-10,-0.0527
6.529934e-10,6.563832e-10,-0.0572
4.068608e-10,5.434434e-10,+0.0303
2.950241e-10,4.762457e-10,+0.0824
2.814048e-10,4.628132e-10,+0.0857
2.556210e-10,4.396860e-10,+0.0952
2.449829e-10,4.283059e-10,+0.0977
2.342586e-10,4.165446e-10,+0.1001
2.243869e-10,4.054120e-10,+0.1023
2.152263e-10,3.948590e-10,+0.1042
2.074421e-10,3.824092e-10,+0.1021
1.814692e-10,3.468425e-10,+0.1020
1.687239e-10,3.267971e-10,+0.0989
1.632179e-10,3.164342e-10,+0.0953
1.587773e-10,3.102952e-10,+0.0953
1.541247e-10,3.038642e-10,+0.0954
1.493679e-10,2.951446e-10,+0.0923
1.449533e-10,2.892710e-10,+0.0928
1.391084e-10,2.813394e-10,+0.0933
1.296643e-10,2.706729e-10,+0.0978
1.201780e-10,2.612711e-10,+0.1052
1.170063e-10,2.585919e-10,+0.1088
1.145079e-10,2.545799e-10,+0.1084
1.119439e-10,2.524688e-10,+0.1115
1.117500e-10,2.542512e-10,+0.1151
1.095268e-10,2.504357e-10,+0.1145
1.071770e-10,2.484768e-10,+0.1175
1.050303e-10,2.469147e-10,+0.1207
9.132916e-11,2.393647e-10,+0.1480
7.902848e-11,2.291770e-10,+0.1708
7.735419e-11,2.282041e-10,+0.1751
7.428032e-11,2.248178e-10,+0.1801
6.127827e-11,2.010054e-10,+0.1856
5.167649e-11,1.737393e-10,+0.1693
4.437705e-11,1.480398e-10,+0.1412
3.882155e-11,1.267326e-10,+0.1096
3.413903e-11,1.116837e-10,+0.0889
3.025097e-11,1.015885e-10,+0.0795
2.668306e-11,9.466058e-11,+0.0815
2.405142e-11,9.249611e-11,+0.0983
2.173570e-11,9.057390e-11,+0.1151
1.970724e-11,9.048997e-11,+0.1397
1.805885e-11,8.977459e-11,+0.1583
1.672554e-11,8.843040e-11,+0.1710
1.551605e-11,8.543099e-11,+0.1748
1.459010e-11,8.314351e-11,+0.1784
1.368767e-11,8.105288e-11,+0.1832
1.277037e-11,7.847626e-11,+0.1863
1.191872e-11,7.612634e-11,+0.1901
1.113804e-11,7.333723e-11,+0.1905
1.002045e-11,6.777268e-11,+0.1821
8.988661e-12,6.328415e-11,+0.1787
8.108830e-12,6.169177e-11,+0.1926
7.439323e-12,6.047633e-11,+0.2047
6.148937e-12,5.666312e-11,+0.2219
1.438872e-11,2.039665e-11,-0.4284
1.427020e-11,1.460203e-11,-0.5715
1.098241e-11,1.672391e-11,-0.4480
8.975243e-12,2.097936e-11,-0.3004
7.321837e-12,2.971476e-11,-0.1001
6.625637e-12,3.135270e-11,-0.0529
5.651486e-12,2.459797e-11,-0.1204
4.833320e-12,2.570021e-11,-0.0644
2.946538e-11,6.527404e-11,-0.1057
2.167723e-11,6.294566e-11,-0.0422
1.801526e-11,6.611373e-11,+0.0260
1.665372e-11,6.483180e-11,+0.0373
1.479643e-11,5.879281e-11,+0.0244
1.328377e-11,5.304019e-11,+0.0064
1.243044e-11,4.736239e-11,-0.0263
1.131965e-11,4.379768e-11,-0.0373
1.027866e-11,4.097400e-11,-0.0426
9.837884e-12,4.084703e-11,-0.0333
9.812271e-12,3.813692e-11,-0.0625
4.766881e-11,5.715752e-11,-0.2915
2.995582e-11,4.853132e-11,-0.2387
2.320520e-11,6.017417e-11,-0.0792
1.901710e-11,5.354704e-11,-0.0792
1.627014e-11,4.559163e-11,-0.1098
1.441784e-11,4.130839e-11,-0.1224
2.578510e-11,5.572778e-11,-0.1397
1.689322e-11,6.752957e-11,+0.0514
1.412073e-11,5.441526e-11,+0.0024
1.296671e-11,4.522985e-11,-0.0568
1.165056e-11,3.942796e-11,-0.0900
1.066046e-11,3.543783e-11,-0.1146
9.750481e-12,3.158607e-11,-0.1428
8.353097e-12,2.711634e-11,-0.1716
6.463997e-12,2.410725e-11,-0.1611
5.726139e-12,2.275748e-11,-0.1573
1.188835e-09,5.382635e-10,-0.3721
5.764847e-10,3.759277e-10,-0.2536
3.380167e-10,2.675938e-10,-0.2137
2.157684e-10,2.143200e-10,-0.1620
1.489119e-10,1.781258e-10,-0.1260
1.082079e-10,1.562375e-10,-0.0869
9.160156e-11,1.490890e-10,-0.0584
7.841057e-11,1.400820e-10,-0.0408
6.796406e-11,1.337586e-10,-0.0203
3.082164e-11,6.030059e-11,-0.1519
2.477408e-11,9.484810e-11,+0.1016
1.728346e-11,7.854120e-11,+0.1113
1.347180e-11,6.483180e-11,+0.0901
1.197809e-11,5.964005e-11,+0.0829
1.033454e-11,5.272243e-11,+0.0655
9.922251e-12,4.830490e-11,+0.0374
1.002562e-11,4.726549e-11,+0.0255
8.865846e-12,4.334882e-11,+0.0178
8.096357e-12,4.084703e-11,+0.0139
8.048801e-12,3.952360e-11,+0.0010
7.687644e-12,3.454903e-11,-0.0464
7.144438e-12,3.100917e-11,-0.0757
6.654734e-12,2.934712e-11,-0.0827
6.085867e-12,2.711634e-11,-0.0957
5.470913e-12,2.543753e-11,-0.0982
4.974412e-12,2.455575e-11,-0.0910
7.519906e-12,1.627120e-11,-0.3681
1.154581e-11,2.467742e-11,-0.2913
1.294373e-11,2.338758e-11,-0.3428
1.185476e-11,2.427270e-11,-0.3050
1.084101e-11,2.643100e-11,-0.2461
1.000947e-11,2.572968e-11,-0.2383
8.962398e-12,2.445370e-11,-0.2335
8.487722e-12,2.622212e-11,-0.1900
8.074434e-12,2.294571e-11,-0.2359
7.303992e-12,2.242392e-11,-0.2218
6.559944e-12,2.237965e-11,-0.1970
6.128018e-12,2.213624e-11,-0.1855
1.041895e-11,1.533080e-11,-0.4729
1.072671e-11,2.080610e-11,-0.3474
7.657647e-12,1.760524e-11,-0.3382
6.197624e-12,1.550752e-11,-0.3427
4.590867e-12,1.431766e-11,-0.3063
4.384889e-12,1.283643e-11,-0.3430
4.237311e-12,1.216007e-11,-0.3585
4.178908e-12,1.179093e-11,-0.3686
4.824651e-12,1.072780e-11,-0.4434
4.462157e-12,9.612504e-12,-0.4727
3.817251e-12,8.777558e-12,-0.4756
3.567367e-12,7.957332e-12,-0.5024
2.653330e-12,7.307332e-12,-0.4707
1.993273e-11,3.795832e-11,-0.2405
2.575204e-11,5.716693e-11,-0.1283
2.345340e-11,7.623035e-11,+0.0208
2.085555e-11,6.616343e-11,-0.0107
1.874619e-11,5.669370e-11,-0.0508
1.655355e-11,4.878245e-11,-0.0847
1.387749e-11,4.382625e-11,-0.0873
1.360841e-11,4.118749e-11,-0.1094
1.257324e-11,3.793813e-11,-0.1255
1.184786e-11,3.542191e-11,-0.1407
1.146180e-11,3.421319e-11,-0.1476
2.047327e-11,4.150636e-11,-0.2085
2.862946e-11,5.425816e-11,-0.1785
2.267313e-11,6.476494e-11,-0.0413
1.811337e-11,7.651345e-11,+0.0881
1.363346e-11,7.471614e-11,+0.1488
2.258282e-11,6.769768e-11,-0.0211
1.514052e-11,5.056304e-11,-0.0468
1.175500e-11,4.120404e-11,-0.0731
8.894554e-12,3.668018e-11,-0.0556
7.521509e-12,3.161488e-11,-0.0797
7.264645e-12,2.813778e-11,-0.1219
1.358691e-11,3.191642e-11,-0.2197
1.705329e-11,3.335181e-11,-0.2573
1.719110e-11,3.392312e-11,-0.2520
1.665971e-11,3.660371e-11,-0.2110
1.633341e-11,3.707703e-11,-0.2005
1.618081e-11,4.193806e-11,-0.1447
1.649203e-11,4.526834e-11,-0.1162
1.726971e-11,4.404814e-11,-0.1397
1.640140e-11,4.248203e-11,-0.1424
1.490868e-11,4.080100e-11,-0.1361
2.748620e-11,1.188608e-10,+0.1727
2.206256e-11,1.316533e-10,+0.2737
1.582134e-11,1.233898e-10,+0.3296
1.302992e-11,1.050112e-10,+0.3078
1.121279e-11,8.876599e-11,+0.2718
9.351164e-12,7.964518e-11,+0.2690
7.772971e-12,7.076612e-11,+0.2624
7.084539e-12,6.600317e-11,+0.2544
6.733859e-12,6.228474e-11,+0.2413
5.999647e-12,5.940152e-11,+0.2483
1.108555e-11,1.920009e-11,-0.3903
7.636425e-12,2.796256e-11,-0.1366
6.543798e-12,2.682716e-11,-0.1176
5.461868e-12,2.541903e-11,-0.0981
5.132775e-12,2.692164e-11,-0.0584
5.146416e-12,2.761688e-11,-0.0480
5.065706e-12,2.735158e-11,-0.0484
5.486442e-12,2.660426e-11,-0.0793
5.644915e-12,2.859486e-11,-0.0548
5.832009e-12,3.084157e-11,-0.0297
6.013767e-12,3.223620e-11,-0.0177
6.255755e-12,3.256607e-11,-0.0227
6.298708e-12,3.189367e-11,-0.0334
6.175069e-12,3.009203e-11,-0.0539
6.045847e-12,3.019081e-11,-0.0475
5.721910e-12,2.898471e-11,-0.0521
5.388501e-12,2.779977e-11,-0.0560
5.277912e-12,2.732318e-11,-0.0586
5.285970e-12,2.702053e-11,-0.0638
5.351273e-12,2.645755e-11,-0.0758
5.423444e-12,2.548016e-11,-0.0954
5.537682e-12,2.541475e-11,-0.1014
5.670686e-12,2.419955e-11,-0.1283
5.832320e-12,2.323391e-11,-0.1527
5.998433e-12,2.296408e-11,-0.1644
6.063334e-12,2.289180e-11,-0.1684
6.108422e-12,2.246955e-11,-0.1782
6.101980e-12,2.211980e-11,-0.1848
6.078143e-12,2.197255e-11,-0.1867
6.040847e-12,2.198842e-11,-0.1850
5.846714e-12,1.892007e-11,-0.2425
4.803777e-12,7.802669e-12,-0.5807
6.568521e-12,1.137910e-11,-0.4910
5.958602e-12,1.374200e-11,-0.3858
5.395365e-12,1.522507e-11,-0.3178
4.992603e-12,1.588132e-11,-0.2811
4.900312e-12,1.444466e-11,-0.3179
4.999000e-12,1.319884e-11,-0.3618
1.562138e-12,2.385810e-12,-0.8352
1.919483e-12,2.486854e-12,-0.8643
2.246594e-12,3.038129e-12,-0.8135
3.317901e-12,3.384321e-12,-0.8568
3.519447e-12,3.947172e-12,-0.8037
3.456150e-12,4.409722e-12,-0.7513
3.661119e-12,4.881020e-12,-0.7207
3.409235e-12,5.425798e-12,-0.6581
2.945882e-12,6.075746e-12,-0.5750
2.030625e-11,3.661673e-11,-0.2609
2.049630e-11,5.033894e-11,-0.1250
1.695411e-11,5.577944e-11,-0.0325
1.393232e-11,6.056570e-11,+0.0523
1.375106e-11,6.157436e-11,+0.0627
1.199709e-11,5.786330e-11,+0.0694
9.407380e-12,4.963170e-11,+0.0622
7.053628e-12,4.257927e-11,+0.0650
5.722782e-12,3.979659e-11,+0.0855
5.062517e-12,3.584020e-11,+0.0691
4.563102e-12,3.420893e-11,+0.0733
4.047687e-12,3.229717e-11,+0.0765
3.653671e-12,1.151332e-11,-0.3475
3.441609e-12,2.702218e-11,+0.0370
3.664497e-12,3.633702e-11,+0.1510
4.212679e-12,3.486345e-11,+0.1004
3.976650e-12,3.350616e-11,+0.0966
4.184440e-12,3.403209e-11,+0.0914
4.545615e-12,3.377209e-11,+0.0687
4.840579e-12,3.256004e-11,+0.0380
5.849654e-11,1.127173e-10,-0.0528
3.656077e-11,9.821248e-11,+0.0149
2.327991e-11,6.746063e-11,-0.0304
1.717633e-11,4.747762e-11,-0.1058
1.282099e-11,3.682828e-11,-0.1432
9.875014e-12,2.963927e-11,-0.1735
7.743169e-12,2.451997e-11,-0.1970
5.168092e-12,1.461679e-11,-0.3253
4.871828e-12,1.848016e-11,-0.2095
5.711777e-12,1.851152e-11,-0.2464
5.639585e-12,1.647181e-11,-0.2941
5.240136e-12,1.543221e-11,-0.3050
5.173504e-12,1.517257e-11,-0.3093
4.739561e-12,1.530433e-11,-0.2849
1.000306e-11,3.398243e-11,-0.1173
1.019483e-11,6.425429e-11,+0.1547
1.028591e-11,8.270865e-11,+0.2622
1.151549e-11,8.262494e-11,+0.2342
1.192181e-11,7.187436e-11,+0.1651
1.032733e-11,6.299493e-11,+0.1430
9.621878e-12,5.642490e-11,+0.1124
9.058691e-12,5.109626e-11,+0.0840
8.700379e-12,4.795167e-11,+0.0661
8.558148e-12,4.528624e-11,+0.0453
7.241245e-12,4.149763e-11,+0.0476
6.370629e-12,3.852561e-11,+0.0459
5.312935e-12,3.621431e-11,+0.0622
4.806582e-12,3.388714e-11,+0.0570
5.096393e-12,3.182445e-11,+0.0159
4.558456e-12,3.006343e-11,+0.0175
4.305557e-12,2.864477e-11,+0.0099
3.709679e-11,1.434930e-10,+0.1757
3.961944e-11,1.196225e-10,+0.0791
3.481169e-11,1.151434e-10,+0.0970
2.903208e-11,1.108348e-10,+0.1281
2.409965e-11,1.016301e-10,+0.1387
1.993201e-11,9.051910e-11,+0.1369
1.734097e-11,8.023345e-11,+0.1197
1.530528e-11,7.227798e-11,+0.1056
1.313313e-11,6.547655e-11,+0.1007
1.167543e-11,5.863313e-11,+0.0818
1.086285e-11,5.409483e-11,+0.0645
1.008572e-11,5.006920e-11,+0.0490
8.835582e-12,4.630545e-11,+0.0472
7.775569e-12,4.288627e-11,+0.0448
6.710075e-12,3.961275e-11,+0.0456
5.650341e-12,3.691377e-11,+0.0559
5.214472e-12,3.616125e-11,+0.0660
4.921506e-12,3.414240e-11,+0.0547
4.505258e-12,3.238742e-11,+0.0526
4.170553e-12,3.071303e-11,+0.0477
3.847887e-12,2.902569e-11,+0.0420
3.823539e-12,2.773826e-11,+0.0238
3.633095e-12,2.632697e-11,+0.0130
3.208228e-12,2.522461e-11,+0.0234
3.068794e-12,2.378638e-11,+0.0082
2.957689e-12,2.234799e-11,-0.0103
2.720680e-12,2.115486e-11,-0.0148
2.500502e-12,2.060724e-11,-0.0067
2.397916e-12,1.946298e-11,-0.0219
2.320413e-12,1.922665e-11,-0.0196
1.037552e-11,4.133617e-11,-0.0411
1.247039e-11,6.034655e-11,+0.0781
1.151104e-11,5.079389e-11,+0.0229
9.107224e-12,4.022925e-11,-0.0212
6.287067e-12,3.373786e-11,-0.0086
4.341090e-12,2.955037e-11,+0.0215
3.644174e-12,2.689770e-11,+0.0216
3.317072e-12,2.529297e-11,+0.0168
3.600392e-12,2.466252e-11,-0.0132
3.891845e-12,2.180398e-11,-0.0849
3.669878e-12,1.999020e-11,-0.1089
1.890737e-09,3.403383e-09,+0.2419
2.109006e-09,2.101894e-09,-0.0124
1.672651e-09,1.597493e-09,-0.0364
1.231148e-09,1.316566e-09,+0.0025
9.342070e-10,1.141016e-09,+0.0480
7.203152e-10,9.796730e-10,+0.0803
5.809409e-10,8.699724e-10,+0.1080
4.806048e-10,7.643688e-10,+0.1199
4.035544e-10,6.746724e-10,+0.1270
3.524826e-10,5.973743e-10,+0.1208
3.094536e-10,5.209074e-10,+0.1054
2.750900e-10,4.642881e-10,+0.0946
2.411832e-10,4.090567e-10,+0.0828
2.140023e-10,3.609179e-10,+0.0670
7.405781e-11,1.595534e-10,+0.0320
7.123292e-11,1.576884e-10,+0.0379
6.858422e-11,1.557415e-10,+0.0432
6.620035e-11,1.539657e-10,+0.0482
6.397816e-11,1.523444e-10,+0.0531
6.200466e-11,1.510798e-10,+0.0583
6.028428e-11,1.499257e-10,+0.0628
5.865735e-11,1.468602e-10,+0.0614
5.752750e-11,1.443671e-10,+0.0593
5.648123e-11,1.418349e-10,+0.0567
5.560098e-11,1.396229e-10,+0.0542
5.470270e-11,1.371985e-10,+0.0511
5.389667e-11,1.337969e-10,+0.0443
5.297470e-11,1.319600e-10,+0.0430
5.178593e-11,1.285536e-10,+0.0379
4.740758e-11,1.189150e-10,+0.0282
4.551398e-11,1.158752e-10,+0.0280
4.388177e-11,1.122294e-10,+0.0240
4.212576e-11,1.098112e-10,+0.0255
3.361750e-11,9.367085e-11,+0.0166
2.503000e-11,7.582497e-11,+0.0017
1.979703e-11,6.525190e-11,-0.0035
1.579842e-11,5.927007e-11,+0.0116
1.292386e-11,5.508945e-11,+0.0297
1.079416e-11,5.058142e-11,+0.0369
9.079042e-12,4.683542e-11,+0.0456
7.108515e-12,4.222944e-11,+0.0596
4.741285e-12,3.330257e-12,-0.9473
4.906745e-12,6.579043e-12,-0.6597
4.511430e-12,9.103015e-12,-0.4989
6.860730e-12,1.224370e-11,-0.4696
7.559212e-12,1.535465e-11,-0.3945
6.999506e-12,1.902272e-11,-0.2830
6.745275e-12,1.912363e-11,-0.2719
6.634140e-12,1.777786e-11,-0.2996
1.258802e-10,5.159657e-11,-0.6131
9.918496e-11,6.907018e-11,-0.4158
7.760355e-11,7.634447e-11,-0.3014
6.439645e-11,7.675474e-11,-0.2464
6.003314e-11,6.835372e-11,-0.2772
5.149181e-11,6.239312e-11,-0.2745
4.442177e-11,5.891647e-11,-0.2592
3.902817e-11,5.631109e-11,-0.2441
3.597836e-11,5.436441e-11,-0.2377
3.259433e-11,5.151376e-11,-0.2350
2.948320e-11,4.878729e-11,-0.2323
2.710345e-11,4.870581e-11,-0.2111
2.421699e-11,4.758954e-11,-0.1921
2.124682e-11,4.494215e-11,-0.1834
1.880831e-11,4.263276e-11,-0.1754
1.772032e-11,3.910209e-11,-0.1979
1.601890e-11,3.551969e-11,-0.2143
1.433831e-11,3.408255e-11,-0.2046
1.337842e-11,3.165476e-11,-0.2195
1.195740e-11,2.858369e-11,-0.2361
1.174373e-11,2.410380e-11,-0.3057
1.126127e-11,2.677912e-11,-0.2497
1.863086e-09,8.168325e-09,+0.6282
2.260781e-09,4.090760e-09,+0.2480
1.841920e-09,2.693614e-09,+0.1511
1.477904e-09,2.016470e-09,+0.1148
1.209395e-09,1.608071e-09,+0.0964
1.010767e-09,1.334728e-09,+0.0857
8.586619e-10,1.141465e-09,+0.0805
7.449528e-10,1.001046e-09,+0.0771
6.530478e-10,8.882524e-10,+0.0741
5.866860e-10,8.008370e-10,+0.0684
5.381108e-10,7.269846e-10,+0.0577
4.981245e-10,6.656033e-10,+0.0471
4.630921e-10,6.196957e-10,+0.0419
4.292389e-10,5.748309e-10,+0.0360
3.978980e-10,5.371570e-10,+0.0330
3.672549e-10,5.067194e-10,+0.0353
3.400431e-10,4.808169e-10,+0.0388
3.152227e-10,4.537286e-10,+0.0392
2.943455e-10,4.333037e-10,+0.0422
2.758558e-10,4.142415e-10,+0.0442
2.610475e-10,3.948435e-10,+0.0415
2.479577e-10,3.792945e-10,+0.0409
2.252511e-10,3.501729e-10,+0.0374
2.138561e-10,3.383242e-10,+0.0391
2.027345e-10,3.255339e-10,+0.0395
1.990530e-10,3.234672e-10,+0.0425
1.925835e-10,3.154944e-10,+0.0422
1.841008e-10,3.044182e-10,+0.0408
1.758476e-10,2.937719e-10,+0.0398
1.601303e-10,2.767599e-10,+0.0430
1.523263e-10,2.679912e-10,+0.0444
1.319824e-10,2.434794e-10,+0.0464
1.260256e-10,2.366208e-10,+0.0480
1.207346e-10,2.303353e-10,+0.0491
9.587813e-11,1.939797e-10,+0.0426
9.244019e-11,1.883187e-10,+0.0404
8.926211e-11,1.840749e-10,+0.0406
6.962038e-11,1.507878e-10,+0.0250
5.495612e-11,1.248219e-10,+0.0088
4.349151e-11,1.056802e-10,+0.0003
3.624233e-11,9.132507e-11,-0.0143
3.072465e-11,8.042604e-11,-0.0260
2.606308e-11,7.017989e-11,-0.0423
2.233785e-11,6.193228e-11,-0.0569
1.905869e-11,5.498200e-11,-0.0682
1.628693e-11,4.891537e-11,-0.0795
1.417866e-11,4.419099e-11,-0.0890
1.254615e-11,4.042709e-11,-0.0974
1.124273e-11,3.831397e-11,-0.0937
1.013718e-11,3.714190e-11,-0.0819
9.072283e-12,3.609578e-11,-0.0673
8.180332e-12,3.510039e-11,-0.0545
7.542150e-12,3.400091e-11,-0.0487
7.063969e-12,3.220850e-11,-0.0565
6.544446e-12,3.007912e-11,-0.0680
6.028888e-12,2.785363e-11,-0.0818
5.577633e-12,2.564689e-11,-0.0992
5.192650e-12,2.383372e-11,-0.1141
4.856434e-12,2.253142e-11,-0.1227
4.587920e-12,2.173774e-11,-0.1249
4.341917e-12,2.081427e-11,-0.1307
4.097551e-12,1.992595e-11,-0.1361
3.868544e-12,1.894979e-11,-0.1445
3.643612e-12,1.803901e-11,-0.1518
3.426396e-12,1.747838e-11,-0.1512
3.237415e-12,1.727669e-11,-0.1431
2.922686e-12,1.675122e-11,-0.1327
2.491118e-12,1.569093e-11,-0.1242
1.026572e-11,3.280684e-11,-0.1389
8.008065e-12,2.048346e-11,-0.2832
6.555908e-12,1.508198e-11,-0.3682
5.833129e-12,1.158736e-11,-0.4549
4.591241e-12,9.801328e-12,-0.4710
7.021295e-12,3.247355e-11,-0.0515
9.882485e-12,4.371589e-11,-0.0049
9.047745e-12,4.226190e-11,+0.0018
8.082414e-12,3.511044e-11,-0.0514
8.688792e-12,2.951207e-11,-0.1443
8.150111e-12,2.558323e-11,-0.1909
6.628732e-12,2.243507e-11,-0.1984
1.325256e-10,6.439748e-11,-0.5324
1.671725e-10,1.099528e-10,-0.3713
1.729078e-10,1.136214e-10,-0.3675
1.661670e-10,1.675353e-10,-0.1865
1.542996e-10,1.946137e-10,-0.0985
1.440942e-10,1.981440e-10,-0.0697
1.357061e-10,2.193587e-10,-0.0073
1.301781e-10,2.433141e-10,+0.0503
1.330510e-10,2.274331e-10,+0.0144
1.392171e-10,1.997240e-10,-0.0558
1.531848e-10,1.836237e-10,-0.1215
1.667147e-10,2.048790e-10,-0.1001
1.679541e-10,2.050791e-10,-0.1020
1.590293e-10,2.165517e-10,-0.0614
1.536507e-10,2.142094e-10,-0.0555
1.509834e-10,2.122646e-10,-0.0541
1.485982e-10,2.052240e-10,-0.0639
1.448114e-10,2.185794e-10,-0.0286
1.403363e-10,2.054534e-10,-0.0459
1.371444e-10,1.938073e-10,-0.0643
1.323754e-10,1.954018e-10,-0.0500
1.199516e-10,1.833364e-10,-0.0480
9.862568e-11,1.650213e-10,-0.0359
8.879154e-11,1.491732e-10,-0.0492
8.390428e-11,1.453766e-10,-0.0440
7.551981e-11,1.337308e-10,-0.0502
6.655949e-11,1.188334e-10,-0.0658
5.711877e-11,9.421628e-11,-0.1240
4.789102e-11,8.537703e-11,-0.1185
4.047473e-11,8.230830e-11,-0.0890
3.461352e-11,7.773258e-11,-0.0721
3.037057e-11,6.497105e-11,-0.1156
2.624783e-11,6.748215e-11,-0.0612
2.261161e-11,6.453660e-11,-0.0422
2.025511e-11,6.013646e-11,-0.0448
1.817759e-11,5.468708e-11,-0.0586
2.392325e-11,1.571276e-12,-1.6702
3.683984e-11,9.460388e-12,-1.0034
3.346562e-11,2.041842e-11,-0.6438
3.503692e-11,2.699750e-11,-0.5346
3.349305e-11,2.853694e-11,-0.4986
3.026983e-11,3.111664e-11,-0.4345
2.748158e-11,3.339662e-11,-0.3786
2.677226e-11,3.601388e-11,-0.3390
2.579641e-11,3.941828e-11,-0.2902
2.288538e-11,2.807862e-11,-0.4067
1.862285e-11,2.452133e-11,-0.4131
1.301405e-11,2.191270e-11,-0.3724
4.578957e-12,3.190898e-11,+0.0423
7.176573e-12,2.630978e-11,-0.1482
9.005099e-12,3.536355e-11,-0.0744
9.616174e-12,5.257572e-11,+0.0819
9.923440e-12,6.240252e-11,+0.1486
3.996501e-12,2.192206e-11,-0.0888
4.540095e-12,1.959089e-11,-0.1675
4.631539e-12,1.824096e-11,-0.2032
3.541339e-12,1.628162e-11,-0.1897
2.859480e-12,1.460963e-11,-0.1871
2.692939e-09,3.266682e-09,+0.0772
2.263681e-09,3.062865e-09,+0.1218
1.934513e-09,2.869517e-09,+0.1584
1.721385e-09,2.750244e-09,+0.1878
1.552489e-09,2.683545e-09,+0.2191
1.413968e-09,2.551512e-09,+0.2348
1.331893e-09,2.469494e-09,+0.2445
1.273741e-09,2.392026e-09,+0.2484
1.215416e-09,2.276741e-09,+0.2455
1.164475e-09,2.188234e-09,+0.2452
1.114475e-09,2.099795e-09,+0.2445
1.064469e-09,2.010665e-09,+0.2436
1.005513e-09,1.893176e-09,+0.2396
9.601428e-10,1.804474e-09,+0.2366
9.177168e-10,1.714136e-09,+0.2316
8.773915e-10,1.633515e-09,+0.2279
8.354552e-10,1.552358e-09,+0.2244
8.002375e-10,1.477646e-09,+0.2193
7.681419e-10,1.400155e-09,+0.2113
7.393650e-10,1.338685e-09,+0.2062
7.072628e-10,1.270511e-09,+0.2000
6.831534e-10,1.211322e-09,+0.1922
6.609103e-10,1.164733e-09,+0.1874
6.408700e-10,1.121595e-09,+0.1824
6.347295e-10,1.107917e-09,+0.1806
6.207570e-10,1.077263e-09,+0.1766
6.036002e-10,1.040258e-09,+0.1717
5.878633e-10,1.005711e-09,+0.1666
5.725532e-10,9.733841e-10,+0.1620
5.412128e-10,9.115303e-10,+0.1539
4.969814e-10,8.366782e-10,+0.1472
4.342050e-10,7.388230e-10,+0.1410
4.230702e-10,7.214616e-10,+0.1397
4.012326e-10,6.873627e-10,+0.1371
3.935109e-10,6.755985e-10,+0.1364
3.902662e-10,6.706791e-10,+0.1361
3.712148e-10,6.382103e-10,+0.1318
3.619210e-10,6.251263e-10,+0.1315
3.520959e-10,6.112036e-10,+0.1311
3.435168e-10,5.950820e-10,+0.1279
3.178517e-10,5.557929e-10,+0.1245
3.145353e-10,5.474567e-10,+0.1215
3.104532e-10,5.419380e-10,+0.1215
3.033841e-10,5.285897e-10,+0.1184
2.964971e-10,5.193343e-10,+0.1184
2.891474e-10,5.058795e-10,+0.1154
2.827267e-10,4.973374e-10,+0.1154
2.765752e-10,4.856649e-10,+0.1124
2.706189e-10,4.777321e-10,+0.1124
2.643517e-10,4.659294e-10,+0.1093
2.584824e-10,4.577695e-10,+0.1090
2.533861e-10,4.474981e-10,+0.1057
2.483993e-10,4.406602e-10,+0.1055
2.436417e-10,4.340282e-10,+0.1052
2.384874e-10,4.268896e-10,+0.1050
2.350590e-10,4.220307e-10,+0.1047
2.341187e-10,4.206627e-10,+0.1046
2.298419e-10,4.146148e-10,+0.1043
2.256660e-10,4.087384e-10,+0.1040
2.090799e-10,3.883899e-10,+0.1063
2.049288e-10,3.827034e-10,+0.1063
2.012676e-10,3.803907e-10,+0.1094
1.839017e-10,3.647235e-10,+0.1197
1.428914e-10,3.323998e-10,+0.1575
1.109542e-10,3.066849e-10,+0.1986
2.373575e-11,4.524806e-10,+0.7912
4.867401e-11,3.330469e-10,+0.4683
5.366435e-11,2.974856e-10,+0.3925
5.030990e-11,2.213425e-10,+0.2818
4.600665e-11,1.955036e-10,+0.2522
4.558925e-11,1.770703e-10,+0.2117
4.389508e-11,1.609728e-10,+0.1805
4.110326e-11,1.506226e-10,+0.1694
3.765633e-11,1.306748e-10,+0.1311
3.560949e-11,1.198892e-10,+0.1085
3.374748e-11,1.130310e-10,+0.0971
3.112314e-11,1.065942e-10,+0.0930
2.804949e-11,9.727645e-11,+0.0804
2.520487e-11,9.152609e-11,+0.0817
2.244328e-11,8.865383e-11,+0.0976
1.997064e-11,7.593138e-11,+0.0601
1.817055e-11,7.132778e-11,+0.0568
1.700842e-11,7.005931e-11,+0.0657
1.605724e-11,6.733867e-11,+0.0629
1.499457e-11,6.286924e-11,+0.0502
1.361544e-11,5.742311e-11,+0.0348
1.232026e-11,5.252985e-11,+0.0208
1.141510e-11,4.977477e-11,+0.0162
1.088578e-11,4.886457e-11,+0.0198
1.040670e-11,4.532620e-11,-0.0018
9.817873e-12,4.030322e-11,-0.0386
9.317266e-12,4.050124e-11,-0.0238
9.101915e-12,3.902781e-11,-0.0342
8.621980e-12,3.670220e-11,-0.0478
8.682722e-12,3.423471e-11,-0.0797
8.815268e-12,3.281922e-11,-0.1017
4.640520e-12,2.651075e-11,-0.0413
4.699163e-12,2.576538e-11,-0.0567
5.177525e-12,3.039405e-11,-0.0078
5.300571e-12,3.365110e-11,+0.0309
4.714427e-12,3.007750e-11,+0.0098
4.177849e-12,2.867962e-11,+0.0175
4.094922e-12,2.654185e-11,-0.0114
3.893734e-12,2.443524e-11,-0.0356
4.139875e-12,2.313981e-11,-0.0736
4.302686e-12,2.182674e-11,-0.1080
4.585172e-12,2.048095e-11,-0.1506
4.524269e-12,1.939113e-11,-0.1712
4.308106e-12,1.877270e-11,-0.1737
4.245515e-12,1.735677e-11,-0.2044
4.085403e-12,1.624515e-11,-0.2241
7.329081e-12,3.948456e-11,+0.0231
8.643177e-12,4.135761e-11,+0.0035
6.267822e-12,4.037453e-11,+0.0702
5.796760e-12,3.598665e-11,+0.0388
4.931547e-12,3.289394e-11,+0.0380
4.713421e-12,3.064337e-11,+0.0179
4.531016e-12,2.800187e-11,-0.0119
3.864362e-12,2.653576e-11,+0.0020
3.851421e-12,2.418598e-11,-0.0375
3.681975e-12,2.264346e-11,-0.0556
3.577605e-12,2.157243e-11,-0.0699
3.749022e-12,2.064886e-11,-0.0998
4.050309e-12,2.003153e-11,-0.1311
4.284782e-12,1.993945e-11,-0.1463
4.488825e-12,2.052535e-11,-0.1446
4.509273e-12,2.021053e-11,-0.1524
3.662702e-12,1.764411e-11,-0.1627
1.079244e-11,2.877921e-11,-0.2080
1.328946e-11,3.519066e-11,-0.1718
1.207580e-11,3.777157e-11,-0.1175
1.051816e-11,3.311921e-11,-0.1407
8.779290e-12,2.986680e-11,-0.1417
7.171009e-12,2.611359e-11,-0.1512
2.711517e-12,1.555871e-11,-0.1475
5.929770e-12,2.103816e-11,-0.1997
7.350871e-12,2.581853e-11,-0.1621
6.470218e-12,2.628735e-11,-0.1238
5.127313e-12,2.567841e-11,-0.0787
3.712522e-12,2.216928e-11,-0.0667
2.503269e-12,1.975702e-11,-0.0253
1.725099e-12,1.634329e-11,-0.0222
7.711918e-13,1.134005e-11,+0.0014
4.655943e-13,1.261507e-11,+0.1606
8.739570e-13,1.296801e-11,+0.0315
1.344560e-12,1.344324e-11,-0.0503
1.774573e-12,1.306754e-11,-0.1258
2.268036e-12,1.370840e-11,-0.1613
2.954350e-12,1.508424e-11,-0.1808
3.676112e-12,1.712426e-11,-0.1765
4.359547e-12,2.110906e-11,-0.1256
4.909355e-12,1.989483e-11,-0.1793
5.572056e-12,2.119728e-11,-0.1817
5.863726e-12,2.161404e-11,-0.1853
6.065753e-12,1.989089e-11,-0.2295
6.182569e-12,1.994592e-11,-0.2328
6.224775e-12,1.883609e-11,-0.2593
6.143954e-12,1.826833e-11,-0.2695
5.962890e-12,1.833573e-11,-0.2608
5.802954e-12,1.789506e-11,-0.2649
5.591863e-12,1.893435e-11,-0.2316
5.369399e-12,1.828859e-11,-0.2370
5.195121e-12,1.932243e-11,-0.2053
5.098310e-12,1.897723e-11,-0.2087
4.891118e-12,1.783854e-11,-0.2258
4.724389e-12,2.016676e-11,-0.1643
4.575856e-12,1.824758e-11,-0.2002
4.409966e-12,1.846224e-11,-0.1865
4.255007e-12,1.924121e-11,-0.1601
4.109845e-12,1.688307e-11,-0.2088
4.023330e-12,1.744310e-11,-0.1896
3.831503e-12,1.690579e-11,-0.1918
3.713596e-12,1.746581e-11,-0.1703
3.604272e-12,1.812612e-11,-0.1472
3.334546e-12,1.868620e-11,-0.1159
3.032954e-12,1.847440e-11,-0.0988
2.759271e-12,1.610668e-11,-0.1365
2.529488e-12,1.814440e-11,-0.0646
